{
 "nodeId": "payment_success",
 "groupId": [
   "chat"
 ],
 "nodeSize": [
   72.0,
   38.6
 ],
 "nodeText": {
    "titleText": {
        "position": [50.0,80.0],
        "text": "Payment Successful",
        "alignment": "centre",
        "fontSize": 90,
        "colour": [38,192,180,255]
    },
    "bodyText": [
      {
        "position": [50.0,60.0],
        "text": "Now create an Azoomee account\nto complete the setup.",
        "alignment": "centre",
        "fontSize": 65,
        "colour": [0,0,0,255]
      }
  ]
 },
 "closeButton": false,
 "backgroundColour": [
   255,
   255,
   255
 ],
 "buttons": [
   {
     "buttonId": "signup",
     "action": {
        "type":"startFlow",
        "params": {
            "flowType": "signup"
        }
     },
     "position": [
       50.0,
       30.0
     ],
     "size": [
       30.0,
       17.0
     ],
     "text": "Continue"
   }
 ],
 "images": [
   {
      "position": [50.0,50.0],
      "size": [95.0,95.0],
      "opacity": 255,
      "file": "misc/payment_success_fullscreen.jpg"
   }
 ]
}
