{
 "nodeId": "payment_success",
 "groupId": [
   "chat"
 ],
 "nodeSize": [
   70.0,
   40.0
 ],
 "nodeText": {
    "bodyText": [
      {
        "position": [70.0,50.0],
        "text": "Payment successful!",
        "alignment": "centre",
        "fontSize": 94,
        "colour": [0,0,0,255]
      },
      {
        "position": [35.0,50.0],
        "text": "Your Azoomee account has now been activated",
        "alignment": "centre",
        "fontSize": 74,
        "colour": [0,0,0,255]
      }
    ]
 },
 "closeButton": true,
 "backgroundColour": [
   255,
   255,
   255
 ],
 "backgroundImage": {
   "displayMode": "fill",
   "file": "misc/light_blue_gradient.png"
 }
}
