{
 "nodeId": "payment_failed",
 "groupId": [
   "payment"
 ],
 "nodeSize": [
   73.7,
   38.6
 ],
 "nodeText": {
    "titleText": {
        "position": [50.0,80.0],
        "text": "Oops. Something went wrong.",
        "alignment": "centre",
        "fontSize": 90,
        "colour": [38,192,180,255]
    },
    "bodyText": [
      {
        "position": [50.0,60.0],
        "text": "We're unable to process your payment.",
        "alignment": "centre",
        "fontSize": 65,
        "colour": [0,0,0,255]
      }
  ]
 },
 "closeButton": true,
 "backgroundColour": [
   255,
   255,
   255
 ],
 "buttons": [
   {
     "buttonId": "iap",
     "action": {
        "type":"internal",
        "params": {
            "location": "iap"
        }
     },
     "position": [
       50.0,
       30.0
     ],
     "size": [
       25.0,
       22.0
     ],
     "text": "Try again"
   }
 ]
}
