{
 "nodeId": "payment_success",
 "groupId": [
   "chat"
 ],
 "nodeSize": [
   70.0,
   40.0
 ],
 "nodeText": {
    "titleText": {
        "position": [50.0,70.0],
        "text": "You now have a Premium account!\nNow personalise your child's experience",
        "alignment": "centre",
        "fontSize": 94,
        "colour": [0,0,0,255]
    }
 },
 "closeButton": false,
 "backgroundColour": [
   255,
   255,
   255
 ],
 "buttons": [
   {
     "buttonId": "addchild",
     "action": {
        "type":"startFlow",
        "params": {
            "flowType": "addchild"
        }
     },
     "position": [
       50.0,
       20.0
     ],
     "size": [
       25.0,
       20.0
     ],
     "text": "Continue"
   }
 ],
 "backgroundImage": {
   "displayMode": "fill",
   "file": "misc/light_blue_gradient.png"
 }
}
