{
	"id": "darkPink",
	"anchorPoints": {
		"head": [0.5,0.85],
		"ears": [0.5,0.80],
		"face": [0.5,0.61],
		"eyes": [0.5,0.70],
		"neck": [0.5,0.3],
		"toy": [0.5,0.35],
		"armLeft": [0.2,0.4],
		"armRight": [0.8,0.4],
		"legs": [0.5,0.1]
	},
	"lockedAnchors": [
		"armLeft",
		"armRight",
		"face"
	],
	"defaultAccessories": [
		"armLeft03",
		"armRight03",
		"face02",
		"antenna02"
	],
	"position": [0.44,0.5],
	"scale": 2.0,
	"sizeMultiplier": 1.0,
	"assetSet": {
		"base": ["assets/baseOomee/Body_Solid.png",0],
		"gradient": ["assets/baseOomee/Body_Gradient.png",1],
		"shadow": ["assets/baseOomee/Body_Leg_Shadow.png",2],
		"highlight": ["assets/darkPinkOomee/DarkPink_Top_Shadow.png",3],
		"shadowLight": ["assets/darkPinkOomee/DarkPink_Face_Shadow.png",4],
		"face": ["assets/darkPinkOomee/DarkPink_Face_Background.png",5],
		"faceGradient": ["assets/darkPinkOomee/DarkPink_Face_Gradient.png",6]
	}
}