{
	"id": "oomeeNew",
	"anchorPoints": {
		"head": [0.5,0.85],
		"ears": [0.5,0.80],
		"face": [0.5,0.65],
		"eyes": [0.5,0.70],
		"neck": [0.5,0.3],
		"body": [0.5,0.25],
		"armLeft": [0.2,0.4],
		"armRight": [0.8,0.4],
		"legs": [0.5,0.1]
	},
	"lockedAnchors": [
		"armLeft",
		"armRight",
		"face"
	],
	"position": [0.44,0.5],
	"scale": 2.0,
	"sizeMultiplier": 1.0,
	"assetSet": {
		"base": "assets/Test/Body_Solid.png",
		"gradient": "assets/Test/Body_Gradient.png",
		"shadow": "assets/Test/Body_Leg_Shadow.png",
		"highlight": "assets/Test/Body_Top_Shadow.png",
		"face": "assets/Test/Body_Face_Background.png"
	}
}