{
	"items":
[
	{
		"id": "yellow",
		"colours": {
			"base": [255,235,0,255],
			"gradient": [255,149,0,255],
			"shadow": [216,104,0,255],
			"shadowLight": [255,175,0,255],
			"shadowEyes": [233,207,97,255],
			"highlight": [255,234,0,255],
			"gloss": [255,245,128,255],
			"face": [255,245,128,255],
			"faceGradient": [255,245,128,255],
			"none": [0,0,0,255]
		}
	},
	{
		"id": "pink",
		"colours": {
			"base": [255,173,187,255],
			"gradient": [255,117,153,255],
			"shadow": [152,1,133,255],
			"shadowLight": [222,64,224,255],
			"shadowEyes": [233,184,169,255],
			"highlight": [255,218,224,255],
			"gloss": [255,240,255,255],
			"face": [255,218,224,255],
			"faceGradient": [255,218,224,255],
			"none": [0,0,0,255]
		}
	},
	{
		"id": "orange",
		"colours": {
			"base": [255,143,19,255],
			"gradient": [255,100,0,255],
			"shadow": [204,46,0,255],
			"shadowLight": [203,59,71,255],
			"shadowEyes": [255,155,25,255],
			"highlight": [255,176,30,255],
			"gloss": [255,239,210,255],
			"face": [255,201,34,255],
			"faceGradient": [255,201,34,255],
			"none": [0,0,0,255]
		}
	},
	{
		"id": "purple",
		"colours": {
			"base": [141,78,211,255],
			"gradient": [107,55,185,255],
			"shadow": [77,37,120,255],
			"shadowLight": [77,37,120,255],
			"shadowEyes": [160,96,205,255],
			"highlight": [181,101,224,255],
			"gloss": [208,145,145,255],
			"face": [174,122,226,255],
			"faceGradient": [174,122,226,255],
			"none": [0,0,0,255]
		}
	},
	{
		"id": "darkPink",
		"colours": {
			"base": [249,76,244,255],
			"gradient": [219,2,185,255],
			"shadow": [152,1,133,255],
			"shadowLight": [152,1,133,255],
			"shadowEyes": [215,161,186,255],
			"highlight": [255,128,255,255],
			"gloss": [255,222,235,255],
			"face": [255,222,235,255],
			"faceGradient": [238,195,191,255],
			"none": [0,0,0,255]
		}
	},
	{
		"id": "red",
		"colours": {
			"base": [255,5,33,255],
			"gradient": [198,1,3,255],
			"shadow": [149,1,1,255],
			"shadowLight": [149,1,0,255],
			"shadowEyes": [61,17,21,255],
			"highlight": [255,73,99,255],
			"gloss": [255,212,225,255],
			"face": [89,26,30,255],
			"faceGradient": [89,26,30,255],
			"none": [0,0,0,255]
		}
	},
	{
		"id": "blue",
		"colours": {
			"base": [0,128,225,255],
			"gradient": [0,52,220,255],
			"shadow": [0,28,166,255],
			"shadowLight": [0,102,204,255],
			"shadowEyes": [0,150,245,255],
			"highlight": [0,153,255,255],
			"gloss": [0,218,204,255],
			"face": [0,221,235,255],
			"faceGradient": [0,180,255,255],
			"none": [0,0,0,255]
		}
	},
	{
		"id": "aqua",
		"colours": {
			"base": [0,222,172,255],
			"gradient": [0,132,140,255],
			"shadow": [0,87,139,255],
			"shadowLight": [0,180,154,255],
			"shadowEyes": [70,187,171,255],
			"highlight": [0,255,209,255],
			"gloss": [102,246,216,255],
			"face": [117,237,210,255],
			"faceGradient": [117,237,210,255],
			"none": [0,0,0,255]
		}
	},
	{
		"id": "black",
		"colours": {
			"base": [52,68,57,255],
			"gradient": [7,7,12,255],
			"shadow": [7,7,12,255],
			"shadowLight": [39,54,45,255],
			"shadowEyes": [85,95,89,255],
			"highlight": [115,132,121,255],
			"gloss": [203,211,206,255],
			"face": [171,183,176,255],
			"faceGradient": [130,143,136,255],
			"none": [0,0,0,255]
		}
	},
	{
		"id": "lightRed",
		"colours": {
			"base": [255,2,127,255],
			"gradient": [198,1,24,255],
			"shadow": [148,1,65,255],
			"shadowLight": [198,1,24,255],
			"shadowEyes": [198,1,24,255],
			"highlight": [255,85,168,255],
			"gloss": [255,141,197,255],
			"face": [255,85,168,255],
			"faceGradient": [255,85,168,255],
			"none": [0,0,0,255]
		}
	},
	{
		"id": "green",
		"colours": {
			"base": [128,255,0,255],
			"gradient": [0,178,33,255],
			"shadow": [0,137,20,255],
			"shadowLight": [28,182,22,255],
			"shadowEyes": [181,204,141,255],
			"highlight": [170,255,0,255],
			"gloss": [229,255,178,255],
			"face": [199,255,142,255],
			"faceGradient": [199,255,142,255],
			"none": [0,0,0,255]
		}
	}

	
]
}