{
	"items":
[
	{
		"id": "face01",
		"targetAnchor": "face",
		"offset": [0.0,0.0],
		"snapRange": [100.0,100.0],
		"menuScale": 1.0,
		"dragScale": 2.0,
		"targetScale": 1.0,
		"zOrder": 4,
		"categoryId": "faces",
		"iconFilename": "assets/faces/Eyes_Brown.png",
		"assetSet": {
			"shadowEyes": ["assets/faces/Eyes_Shadow.png",0],
			"none": ["assets/faces/Eyes_Brown.png",1]
		},
		"useColourHue": true
	},
	{
		"id": "face02",
		"targetAnchor": "face",
		"offset": [0.0,0.0],
		"snapRange": [100.0,100.0],
		"menuScale": 1.0,
		"dragScale": 2.0,
		"targetScale": 1.0,
		"zOrder": 4,
		"categoryId": "faces",
		"iconFilename": "assets/faces/Eyes_Black.png",
		"assetSet": {
			"shadowEyes": ["assets/faces/Eyes_Shadow.png",0],
			"none": ["assets/faces/Eyes_Black.png",1]
		},
		"useColourHue": true
	},
	{
		"id": "face03",
		"targetAnchor": "face",
		"offset": [0.0,-15.0],
		"snapRange": [100.0,100.0],
		"menuScale": 1.0,
		"dragScale": 2.0,
		"targetScale": 1.0,
		"zOrder": 4,
		"categoryId": "faces",
		"iconFilename": "assets/faces/Eyes_Brown_2.png",
		"assetSet": {
			"gloss": ["assets/faces/Eyes_Shadow_2.png",0],
			"highlight": ["assets/faces/Oomee_Cheeks.png",1],
			"none": ["assets/faces/Eyes_Brown_2.png",2]
		},
		"useColourHue": true
	},
	{
		"id": "face04",
		"targetAnchor": "face",
		"offset": [0.0,0.0],
		"snapRange": [100.0,100.0],
		"menuScale": 1.0,
		"dragScale": 2.0,
		"targetScale": 1.0,
		"zOrder": 4,
		"categoryId": "faces",
		"iconFilename": "assets/faces/EyesMouth03.png",
		"assetSet": {
			"shadowEyes": ["assets/faces/EyesShadow03.png",0],
			"none": ["assets/faces/EyesMouth03.png",1]
		},
		"useColourHue": true
	},
	{
		"id": "face05",
		"targetAnchor": "face",
		"offset": [0.0,0.0],
		"snapRange": [100.0,100.0],
		"menuScale": 1.0,
		"dragScale": 2.0,
		"targetScale": 1.0,
		"zOrder": 4,
		"categoryId": "faces",
		"iconFilename": "assets/faces/Eyes_Mouth_Black.png",
		"assetSet": {
			"shadowEyes": ["assets/faces/Eyes_Shadow.png",0],
			"none": ["assets/faces/Eyes_Mouth_Black.png",1]
		},
		"useColourHue": true
	},
	{
		"id": "face06",
		"targetAnchor": "face",
		"offset": [0.0,0.0],
		"snapRange": [100.0,100.0],
		"menuScale": 1.0,
		"dragScale": 2.0,
		"targetScale": 1.0,
		"zOrder": 4,
		"categoryId": "faces",
		"iconFilename": "assets/faces/EyesMouth04.png",
		"assetSet": {
			"shadowEyes": ["assets/faces/EyesShadow07.png",0],
			"none": ["assets/faces/EyesMouth04.png",1]
		},
		"useColourHue": true
	},
	{
		"id": "face07",
		"targetAnchor": "face",
		"offset": [0.0,0.0],
		"snapRange": [100.0,100.0],
		"menuScale": 1.0,
		"dragScale": 2.0,
		"targetScale": 1.0,
		"zOrder": 4,
		"categoryId": "faces",
		"iconFilename": "assets/faces/EyesBlack03.png",
		"assetSet": {
			"none": ["assets/faces/EyesBlack03.png",0]
		},
		"useColourHue": true
	},
	{
		"id": "face08",
		"targetAnchor": "face",
		"offset": [0.0,0.0],
		"snapRange": [100.0,100.0],
		"menuScale": 1.0,
		"dragScale": 2.0,
		"targetScale": 1.0,
		"zOrder": 4,
		"categoryId": "faces",
		"iconFilename": "assets/faces/EyesMouth05.png",
		"assetSet": {
			"none": ["assets/faces/EyesMouth05.png",0]
		},
		"useColourHue": true
	},
	{
		"id": "face09",
		"targetAnchor": "face",
		"offset": [0.0,0.0],
		"snapRange": [100.0,100.0],
		"menuScale": 1.0,
		"dragScale": 2.0,
		"targetScale": 1.0,
		"zOrder": 4,
		"categoryId": "faces",
		"iconFilename": "assets/faces/EyesMouthBlack02.png",
		"assetSet": {
			"shadowEyes": ["assets/faces/EyesShadow05.png",0],
			"none": ["assets/faces/EyesMouthBlack02.png",1]
		},
		"useColourHue": true
	},
	{
		"id": "face10",
		"targetAnchor": "face",
		"offset": [0.0,10.0],
		"snapRange": [100.0,100.0],
		"menuScale": 1.0,
		"dragScale": 2.0,
		"targetScale": 1.0,
		"zOrder": 4,
		"categoryId": "faces",
		"iconFilename": "assets/faces/EyesMouth06.png",
		"assetSet": {
			"none": ["assets/faces/EyesMouth06.png",0]
		},
		"useColourHue": true
	},
	{
		"id": "face11",
		"targetAnchor": "face",
		"offset": [0.0,0.0],
		"snapRange": [100.0,100.0],
		"menuScale": 1.0,
		"dragScale": 2.0,
		"targetScale": 1.0,
		"zOrder": 4,
		"categoryId": "faces",
		"iconFilename": "assets/faces/EyesMouth07.png",
		"assetSet": {
			"none": ["assets/faces/EyesMouth07.png",0]
		},
		"useColourHue": true
	},
	{
		"id": "face12",
		"targetAnchor": "face",
		"offset": [0.0,0.0],
		"snapRange": [100.0,100.0],
		"menuScale": 1.0,
		"dragScale": 2.0,
		"targetScale": 1.0,
		"zOrder": 4,
		"categoryId": "faces",
		"iconFilename": "assets/faces/EyesMouth08.png",
		"assetSet": {
			"shadowEyes": ["assets/faces/EyesMouth08_Shadow.png",0],
			"none": ["assets/faces/EyesMouth08.png",1]
		},
		"useColourHue": true
	},
	{
		"id": "face13",
		"targetAnchor": "face",
		"offset": [0.0,0.0],
		"snapRange": [100.0,100.0],
		"menuScale": 1.0,
		"dragScale": 2.0,
		"targetScale": 1.0,
		"zOrder": 4,
		"categoryId": "faces",
		"iconFilename": "assets/faces/EyesMouth09.png",
		"assetSet": {
			"highlight": ["assets/faces/EyesMouth09TopShadow.png",0],
			"shadowEyes": ["assets/faces/EyesMouth09BottomShadow.png",1],
			"none": ["assets/faces/EyesMouth09.png",2]
		},
		"useColourHue": true
	},
	{
		"id": "face14",
		"targetAnchor": "face",
		"offset": [0.0,0.0],
		"snapRange": [100.0,100.0],
		"menuScale": 1.0,
		"dragScale": 2.0,
		"targetScale": 1.0,
		"zOrder": 4,
		"categoryId": "faces",
		"iconFilename": "assets/faces/EyesMouth10.png",
		"assetSet": {
			"none": ["assets/faces/EyesMouth10.png",0]
		},
		"useColourHue": true
	},
	{
		"id": "face15",
		"targetAnchor": "face",
		"offset": [0.0,-15.0],
		"snapRange": [100.0,100.0],
		"menuScale": 1.0,
		"dragScale": 2.0,
		"targetScale": 1.0,
		"zOrder": 4,
		"categoryId": "faces",
		"iconFilename": "assets/faces/EyesMouth11.png",
		"assetSet": {
			"shadowEyes": ["assets/faces/EyesMouth11Shadow.png",0],
			"none": ["assets/faces/EyesMouth11.png",1]
		},
		"useColourHue": true
	},
	{
		"id": "face16",
		"targetAnchor": "face",
		"offset": [0.0,-10.0],
		"snapRange": [100.0,100.0],
		"menuScale": 1.0,
		"dragScale": 2.0,
		"targetScale": 1.0,
		"zOrder": 4,
		"categoryId": "faces",
		"iconFilename": "assets/faces/EyesMouth12.png",
		"assetSet": {
			"shadowEyes": ["assets/faces/EyesMouth12Shadow.png",0],
			"none": ["assets/faces/EyesMouth12.png",1]
		},
		"useColourHue": true
	},
	{
		"id": "face17",
		"targetAnchor": "face",
		"offset": [0.0,0.0],
		"snapRange": [100.0,100.0],
		"menuScale": 1.0,
		"dragScale": 2.0,
		"targetScale": 1.0,
		"zOrder": 4,
		"categoryId": "faces",
		"iconFilename": "assets/faces/EyesMouth13.png",
		"assetSet": {
			"shadowEyes": ["assets/faces/EyesMouth13Shadow.png",0],
			"none": ["assets/faces/EyesMouth13.png",1]
		},
		"useColourHue": true
	},
	{
		"id": "face18",
		"targetAnchor": "face",
		"offset": [0.0,0.0],
		"snapRange": [100.0,100.0],
		"menuScale": 1.0,
		"dragScale": 2.0,
		"targetScale": 1.0,
		"zOrder": 4,
		"categoryId": "faces",
		"iconFilename": "assets/faces/EyesMouth14.png",
		"assetSet": {
			"none": ["assets/faces/EyesMouth14.png",0]
		},
		"useColourHue": true
	},
	{
		"id": "face19",
		"targetAnchor": "face",
		"offset": [0.0,-10.0],
		"snapRange": [100.0,100.0],
		"menuScale": 1.0,
		"dragScale": 2.0,
		"targetScale": 1.0,
		"zOrder": 4,
		"categoryId": "faces",
		"iconFilename": "assets/faces/EyesMouth15.png",
		"assetSet": {
			"shadowEyes": ["assets/faces/EyesMouth15_Shadow.png",0],
			"none": ["assets/faces/EyesMouth15.png",1]
		},
		"useColourHue": true
	},
	{
		"id": "face20",
		"targetAnchor": "face",
		"offset": [0.0,0.0],
		"snapRange": [100.0,100.0],
		"menuScale": 1.0,
		"dragScale": 2.0,
		"targetScale": 1.0,
		"zOrder": 4,
		"categoryId": "faces",
		"iconFilename": "assets/faces/EyesMouth16.png",
		"assetSet": {
			"shadowEyes": ["assets/faces/EyesMouth16_Shadow.png",0],
			"none": ["assets/faces/EyesMouth16.png",1]
		},
		"useColourHue": true
	},
	{
		"id": "face21",
		"targetAnchor": "face",
		"offset": [0.0,0.0],
		"snapRange": [100.0,100.0],
		"menuScale": 1.0,
		"dragScale": 2.0,
		"targetScale": 1.0,
		"zOrder": 4,
		"categoryId": "faces",
		"iconFilename": "assets/faces/EyesMouth17.png",
		"assetSet": {
			"none": ["assets/faces/EyesMouth17.png",0]
		},
		"useColourHue": true
	}

]
}