{"items":[{"id":"28ad8a3b-7228-4116-ab5e-d218fb1a59ac","name":"0013_Feather_Helmet_Gold_and_Pink","targetAnchor":"head","positionOffset":[0.0,-111.209106],"snapRange":[100.0,100.0],"menuScale":0.75,"dragScale":2.0,"targetScale":1.0,"zOrder":7,"categoryId":"9aef4ca0-672f-4a6d-ae75-3dcc29b7eb62","iconFilename":"assets/28ad8a3b-7228-4116-ab5e-d218fb1a59ac/icon.png","assetSet":[{"tag":"none","location":"assets/28ad8a3b-7228-4116-ab5e-d218fb1a59ac/none.png","index":0}],"useColourHue":false,"defaultItem":false},{"id":"377532fd-2f49-4259-9b83-9d22e7bd34fd","name":"0014_Viking_Helmet_Antlers_Black","targetAnchor":"head","positionOffset":[0.0,-10.838806],"snapRange":[100.0,100.0],"menuScale":0.75,"dragScale":2.0,"targetScale":1.0,"zOrder":6,"categoryId":"9aef4ca0-672f-4a6d-ae75-3dcc29b7eb62","iconFilename":"assets/377532fd-2f49-4259-9b83-9d22e7bd34fd/icon.png","assetSet":[{"tag":"none","location":"assets/377532fd-2f49-4259-9b83-9d22e7bd34fd/none.png","index":0}],"useColourHue":false,"defaultItem":false},{"id":"c04c3682-e06c-4fa8-b8ca-a8f1a83cbb35","name":"0015_Viking_Helmet_Blue","targetAnchor":"head","positionOffset":[0.0,-16.185486],"snapRange":[100.0,100.0],"menuScale":0.75,"dragScale":2.0,"targetScale":1.0,"zOrder":6,"categoryId":"9aef4ca0-672f-4a6d-ae75-3dcc29b7eb62","iconFilename":"assets/c04c3682-e06c-4fa8-b8ca-a8f1a83cbb35/icon.png","assetSet":[{"tag":"none","location":"assets/c04c3682-e06c-4fa8-b8ca-a8f1a83cbb35/none.png","index":0}],"useColourHue":false,"defaultItem":false},{"id":"98d4c922-002e-42eb-9156-288ba4e241cc","name":"0017_Wizard_Hat_Blue","targetAnchor":"head","positionOffset":[0.0,8.707214],"snapRange":[100.0,100.0],"menuScale":0.75,"dragScale":2.0,"targetScale":1.0,"zOrder":6,"categoryId":"9aef4ca0-672f-4a6d-ae75-3dcc29b7eb62","iconFilename":"assets/98d4c922-002e-42eb-9156-288ba4e241cc/icon.png","assetSet":[{"tag":"none","location":"assets/98d4c922-002e-42eb-9156-288ba4e241cc/none.png","index":0}],"useColourHue":false,"defaultItem":false},{"id":"67035998-268c-414a-8528-30ab902e4b03","name":"0018_Jewelled_Crown_Pink","targetAnchor":"head","positionOffset":[0.0,-12.776978],"snapRange":[100.0,100.0],"menuScale":0.75,"dragScale":2.0,"targetScale":1.0,"zOrder":6,"categoryId":"9aef4ca0-672f-4a6d-ae75-3dcc29b7eb62","iconFilename":"assets/67035998-268c-414a-8528-30ab902e4b03/icon.png","assetSet":[{"tag":"none","location":"assets/67035998-268c-414a-8528-30ab902e4b03/none.png","index":0}],"useColourHue":false,"defaultItem":false},{"id":"bf5929b0-3f55-4dbb-bda2-819860c7d1be","name":"0020_Villain_Helmet_Black","targetAnchor":"head","positionOffset":[0.0,-58.744568],"snapRange":[100.0,100.0],"menuScale":0.75,"dragScale":2.0,"targetScale":1.0,"zOrder":6,"categoryId":"9aef4ca0-672f-4a6d-ae75-3dcc29b7eb62","iconFilename":"assets/bf5929b0-3f55-4dbb-bda2-819860c7d1be/icon.png","assetSet":[{"tag":"none","location":"assets/bf5929b0-3f55-4dbb-bda2-819860c7d1be/none.png","index":0}],"useColourHue":false,"defaultItem":false},{"id":"1782847d-5aab-4291-a89d-3127f639f411","name":"0039_Unicorn_Horn_and_Hair","targetAnchor":"head","positionOffset":[0.0,3.188904],"snapRange":[100.0,100.0],"menuScale":0.75,"dragScale":2.0,"targetScale":1.0,"zOrder":6,"categoryId":"9aef4ca0-672f-4a6d-ae75-3dcc29b7eb62","iconFilename":"assets/1782847d-5aab-4291-a89d-3127f639f411/icon.png","assetSet":[{"tag":"none","location":"assets/1782847d-5aab-4291-a89d-3127f639f411/none.png","index":0}],"useColourHue":false,"defaultItem":false},{"id":"77e16846-6738-4629-a5d8-a6e1e3d6cbba","name":"0031_Potion_Purple","targetAnchor":"toy","positionOffset":[251.278748,163.953918],"snapRange":[100.0,100.0],"menuScale":0.75,"dragScale":2.0,"targetScale":1.0,"zOrder":7,"categoryId":"e94d07a4-951c-44d5-ac7e-1eb5927a14c1","iconFilename":"assets/77e16846-6738-4629-a5d8-a6e1e3d6cbba/icon.png","assetSet":[{"tag":"none","location":"assets/77e16846-6738-4629-a5d8-a6e1e3d6cbba/none.png","index":0}],"useColourHue":false,"dependencies":["d3017e46-ee87-454b-bc75-f39d556e472a"],"defaultItem":false},{"id":"771a65c3-9c74-4c1e-bfb9-178af7fd652f","name":"0032_Hammer_Gold","targetAnchor":"toy","positionOffset":[-265.68866,139.271698],"snapRange":[100.0,100.0],"menuScale":0.75,"dragScale":2.0,"targetScale":1.0,"zOrder":7,"categoryId":"e94d07a4-951c-44d5-ac7e-1eb5927a14c1","iconFilename":"assets/771a65c3-9c74-4c1e-bfb9-178af7fd652f/icon.png","assetSet":[{"tag":"none","location":"assets/771a65c3-9c74-4c1e-bfb9-178af7fd652f/none.png","index":0}],"useColourHue":false,"dependencies":["d3017e46-ee87-454b-bc75-f39d556e472a"],"defaultItem":false},{"id":"1af701d3-e161-40bb-bcfb-f59bd1c92d4b","name":"0034_Wooden_Wand","targetAnchor":"toy","positionOffset":[203.061035,158.611084],"snapRange":[100.0,100.0],"menuScale":0.75,"dragScale":2.0,"targetScale":1.0,"zOrder":7,"categoryId":"e94d07a4-951c-44d5-ac7e-1eb5927a14c1","iconFilename":"assets/1af701d3-e161-40bb-bcfb-f59bd1c92d4b/icon.png","assetSet":[{"tag":"none","location":"assets/1af701d3-e161-40bb-bcfb-f59bd1c92d4b/none.png","index":0}],"useColourHue":false,"dependencies":["d3017e46-ee87-454b-bc75-f39d556e472a"],"defaultItem":false},{"id":"f2ad451b-d797-4c5a-bf4c-dfb652e608fd","name":"0024_Axe_Red","targetAnchor":"toy","positionOffset":[272.275513,97.531799],"snapRange":[100.0,100.0],"menuScale":0.75,"dragScale":2.0,"targetScale":1.0,"zOrder":7,"categoryId":"e94d07a4-951c-44d5-ac7e-1eb5927a14c1","iconFilename":"assets/f2ad451b-d797-4c5a-bf4c-dfb652e608fd/icon.png","assetSet":[{"tag":"none","location":"assets/f2ad451b-d797-4c5a-bf4c-dfb652e608fd/none.png","index":0}],"useColourHue":false,"dependencies":["d3017e46-ee87-454b-bc75-f39d556e472a"],"defaultItem":false},{"id":"39dd6f7c-b153-4c73-b3e6-fde726d0ca68","name":"armRight03","targetAnchor":"armRight","positionOffset":[35.0,0.0],"snapRange":[100.0,100.0],"menuScale":0.75,"dragScale":2.0,"targetScale":1.0,"zOrder":-1,"categoryId":"17c98874-53aa-45c8-b6f5-cf6681da6445","iconFilename":"assets/arms/Oomee_Arms_DarkPink.png","assetSet":[{"tag":"base","location":"assets/arms/armRight03_Solid.png","index":0},{"tag":"gradient","location":"assets/arms/armRight03_Gradient.png","index":1}],"useColourHue":true,"dependencies":["7c732598-3304-4349-a6d7-e4a0cedbc0fb"],"defaultItem":true},{"id":"31a38507-ecdf-4537-97e5-1afaeb4f3585","name":"0021_Ruby_Staff_Gold","targetAnchor":"toy","positionOffset":[296.439026,113.290955],"snapRange":[100.0,100.0],"menuScale":0.75,"dragScale":2.0,"targetScale":1.0,"zOrder":7,"categoryId":"e94d07a4-951c-44d5-ac7e-1eb5927a14c1","iconFilename":"assets/31a38507-ecdf-4537-97e5-1afaeb4f3585/icon.png","assetSet":[{"tag":"none","location":"assets/31a38507-ecdf-4537-97e5-1afaeb4f3585/none.png","index":0}],"useColourHue":false,"dependencies":["d3017e46-ee87-454b-bc75-f39d556e472a"],"defaultItem":false},{"id":"964f7c1d-08e8-44ae-b6f2-6c7ba79af461","name":"0029_Feather_Helmet_Bronze_and_Green","targetAnchor":"head","positionOffset":[0.0,-51.510376],"snapRange":[100.0,100.0],"menuScale":0.75,"dragScale":2.0,"targetScale":1.0,"zOrder":6,"categoryId":"9aef4ca0-672f-4a6d-ae75-3dcc29b7eb62","iconFilename":"assets/964f7c1d-08e8-44ae-b6f2-6c7ba79af461/icon.png","assetSet":[{"tag":"none","location":"assets/964f7c1d-08e8-44ae-b6f2-6c7ba79af461/none.png","index":0}],"useColourHue":false,"defaultItem":false},{"id":"1c73a48a-63fc-4e45-94ea-f88df44c17b8","name":"0005_Feather_Helmet_Silver_and_Pink","targetAnchor":"head","positionOffset":[0.0,-40.816895],"snapRange":[100.0,100.0],"menuScale":0.75,"dragScale":2.0,"targetScale":1.0,"zOrder":6,"categoryId":"9aef4ca0-672f-4a6d-ae75-3dcc29b7eb62","iconFilename":"assets/1c73a48a-63fc-4e45-94ea-f88df44c17b8/icon.png","assetSet":[{"tag":"none","location":"assets/1c73a48a-63fc-4e45-94ea-f88df44c17b8/none.png","index":0}],"useColourHue":false,"defaultItem":false},{"id":"25049804-820c-4f55-bf8b-2c5ed6ba51fc","name":"0051_Fairy_Dress_Pink","targetAnchor":"legs","positionOffset":[0.0,154.786102],"snapRange":[100.0,100.0],"menuScale":0.75,"dragScale":2.0,"targetScale":1.0,"zOrder":3,"categoryId":"e94d07a4-951c-44d5-ac7e-1eb5927a14c1","iconFilename":"assets/25049804-820c-4f55-bf8b-2c5ed6ba51fc/icon.png","assetSet":[{"tag":"none","location":"assets/25049804-820c-4f55-bf8b-2c5ed6ba51fc/none.png","index":0}],"useColourHue":false,"defaultItem":false},{"id":"43676b29-c352-44e3-810f-9c9a47cd81d2","name":"0056_Villain_Armour_Black","targetAnchor":"legs","positionOffset":[0.0,150.78891],"snapRange":[100.0,100.0],"menuScale":0.75,"dragScale":2.0,"targetScale":1.0,"zOrder":3,"categoryId":"e94d07a4-951c-44d5-ac7e-1eb5927a14c1","iconFilename":"assets/43676b29-c352-44e3-810f-9c9a47cd81d2/icon.png","assetSet":[{"tag":"none","location":"assets/43676b29-c352-44e3-810f-9c9a47cd81d2/none.png","index":0}],"useColourHue":false,"defaultItem":false},{"id":"9e4ef328-4ffd-43af-b5b9-4416df26af60","name":"0060_Pegasus_Wings","targetAnchor":"neck","positionOffset":[0.0,223.294067],"snapRange":[100.0,100.0],"menuScale":0.75,"dragScale":2.0,"targetScale":1.0,"zOrder":-2,"categoryId":"e94d07a4-951c-44d5-ac7e-1eb5927a14c1","iconFilename":"assets/9e4ef328-4ffd-43af-b5b9-4416df26af60/icon.png","assetSet":[{"tag":"none","location":"assets/9e4ef328-4ffd-43af-b5b9-4416df26af60/none.png","index":0}],"useColourHue":false,"defaultItem":false},{"id":"1784b3fa-229e-4fd7-969b-aca845593789","name":"0042_Dragon_Pet_Green","targetAnchor":"toy","positionOffset":[0.0,10.108948],"snapRange":[100.0,100.0],"menuScale":0.75,"dragScale":2.0,"targetScale":1.0,"zOrder":7,"categoryId":"e94d07a4-951c-44d5-ac7e-1eb5927a14c1","iconFilename":"assets/1784b3fa-229e-4fd7-969b-aca845593789/icon.png","assetSet":[{"tag":"none","location":"assets/1784b3fa-229e-4fd7-969b-aca845593789/none.png","index":0}],"useColourHue":false,"dependencies":["fed7bb82-d84f-4c73-a3e9-59749ac64a0b"],"defaultItem":false},{"id":"368f9ac1-0790-45d5-82a1-d24c1fab3ba5","name":"0043_Dragon_Pet_Orange","targetAnchor":"toy","positionOffset":[2.648071,-15.150452],"snapRange":[100.0,100.0],"menuScale":0.75,"dragScale":2.0,"targetScale":1.0,"zOrder":7,"categoryId":"e94d07a4-951c-44d5-ac7e-1eb5927a14c1","iconFilename":"assets/368f9ac1-0790-45d5-82a1-d24c1fab3ba5/icon.png","assetSet":[{"tag":"none","location":"assets/368f9ac1-0790-45d5-82a1-d24c1fab3ba5/none.png","index":0}],"useColourHue":false,"dependencies":["fed7bb82-d84f-4c73-a3e9-59749ac64a0b"],"defaultItem":false},{"id":"d451b5b8-8f9e-4d8d-b3da-eb11df89679b","name":"0044_Unicorn_Pet","targetAnchor":"toy","positionOffset":[0.0,-32.711502],"snapRange":[100.0,100.0],"menuScale":0.75,"dragScale":2.0,"targetScale":1.0,"zOrder":7,"categoryId":"e94d07a4-951c-44d5-ac7e-1eb5927a14c1","iconFilename":"assets/d451b5b8-8f9e-4d8d-b3da-eb11df89679b/icon.png","assetSet":[{"tag":"none","location":"assets/d451b5b8-8f9e-4d8d-b3da-eb11df89679b/none.png","index":0}],"useColourHue":false,"dependencies":["fed7bb82-d84f-4c73-a3e9-59749ac64a0b"],"defaultItem":false},{"id":"9fa90371-27cf-47c6-bf08-99feae624f24","name":"armRight16","targetAnchor":"armRight","positionOffset":[0.0,-10.0],"snapRange":[100.0,100.0],"menuScale":0.75,"dragScale":2.0,"targetScale":1.0,"zOrder":-1,"categoryId":"17c98874-53aa-45c8-b6f5-cf6681da6445","iconFilename":"assets/arms/ArmsOrange2.png","assetSet":[{"tag":"base","location":"assets/arms/armRight16_Solid.png","index":0},{"tag":"gradient","location":"assets/arms/armRight16_Gradient.png","index":1}],"useColourHue":true,"dependencies":["56ebe870-474b-46b9-b2ab-dc796002b6b0"],"defaultItem":true},{"id":"fd283eb9-af14-4a31-b65e-c3da7501ccf0","name":"glasses01","targetAnchor":"eyes","positionOffset":[0.0,-50.0],"snapRange":[100.0,100.0],"menuScale":1.0,"dragScale":2.0,"targetScale":1.0,"zOrder":6,"categoryId":"0cccbe10-f5a6-454a-ba93-b032a24cc3a2","iconFilename":"assets/accessories/Glasses1.png","assetSet":[{"tag":"base","location":"assets/accessories/Glasses1.png","index":0}],"useColourHue":false,"defaultItem":true},{"id":"06a7515a-7558-47d7-bc8f-929a69dadd72","name":"armRight18","targetAnchor":"armRight","positionOffset":[35.0,-50.0],"snapRange":[100.0,100.0],"menuScale":0.75,"dragScale":2.0,"targetScale":1.0,"zOrder":-1,"categoryId":"17c98874-53aa-45c8-b6f5-cf6681da6445","iconFilename":"assets/arms/ArmsBlack3.png","assetSet":[{"tag":"none","location":"assets/arms/ClawsBlackRight3.png","index":0},{"tag":"base","location":"assets/arms/armRight18_Solid.png","index":1},{"tag":"gradient","location":"assets/arms/armRight18_Gradient.png","index":2}],"useColourHue":true,"dependencies":["6889a56f-cb69-40e9-b1d9-9cc6085da778"],"defaultItem":true},{"id":"1f0e7219-f5bd-42dc-9702-3a1e7eb3eaea","name":"ears01","targetAnchor":"ears","positionOffset":[0.0,-20.0],"snapRange":[100.0,100.0],"menuScale":1.0,"dragScale":2.0,"targetScale":1.0,"zOrder":-1,"categoryId":"f100cb34-47ba-4eda-b592-55f85a11dfd1","iconFilename":"assets/ears/Oomee_Ears_Yellow.png","assetSet":[{"tag":"base","location":"assets/ears/Oomee_Ear_Solid.png","index":0},{"tag":"gradient","location":"assets/ears/Oomee_Ear_Gradient.png","index":1},{"tag":"shadowLight","location":"assets/ears/Oomee_Ear_Shadow.png","index":2}],"useColourHue":true,"defaultItem":true},{"id":"5254d712-fcff-473e-b952-bf8f0438c9e2","name":"0040_Flowery_Crown_and_Pigtails","targetAnchor":"head","positionOffset":[0.0,-123.626221],"snapRange":[100.0,100.0],"menuScale":0.75,"dragScale":2.0,"targetScale":1.0,"zOrder":7,"categoryId":"9aef4ca0-672f-4a6d-ae75-3dcc29b7eb62","iconFilename":"assets/5254d712-fcff-473e-b952-bf8f0438c9e2/icon.png","assetSet":[{"tag":"none","location":"assets/5254d712-fcff-473e-b952-bf8f0438c9e2/none.png","index":0}],"useColourHue":false,"defaultItem":false},{"id":"c1e5d774-2e17-49f9-ba18-8addd01963f5","name":"0041_Long_Messy_Hair_Red","targetAnchor":"head","positionOffset":[0.0,-230.782288],"snapRange":[100.0,100.0],"menuScale":0.75,"dragScale":2.0,"targetScale":1.0,"zOrder":6,"categoryId":"9aef4ca0-672f-4a6d-ae75-3dcc29b7eb62","iconFilename":"assets/c1e5d774-2e17-49f9-ba18-8addd01963f5/icon.png","assetSet":[{"tag":"none","location":"assets/c1e5d774-2e17-49f9-ba18-8addd01963f5/none.png","index":0}],"useColourHue":false,"defaultItem":false},{"id":"59334ace-87f1-4065-a08a-229ba2ad1380","name":"0047_Phoenix_Pet","targetAnchor":"toy","positionOffset":[0.0,28.403015],"snapRange":[100.0,100.0],"menuScale":0.75,"dragScale":2.0,"targetScale":1.0,"zOrder":7,"categoryId":"e94d07a4-951c-44d5-ac7e-1eb5927a14c1","iconFilename":"assets/59334ace-87f1-4065-a08a-229ba2ad1380/icon.png","assetSet":[{"tag":"none","location":"assets/59334ace-87f1-4065-a08a-229ba2ad1380/none.png","index":0}],"useColourHue":false,"dependencies":["fed7bb82-d84f-4c73-a3e9-59749ac64a0b"],"defaultItem":false},{"id":"6a7c2fe8-be58-46cb-ba39-cc8766c51dbc","name":"0026_Sword_Green","targetAnchor":"toy","positionOffset":[-237.882751,140.391083],"snapRange":[100.0,100.0],"menuScale":0.75,"dragScale":2.0,"targetScale":1.0,"zOrder":7,"categoryId":"e94d07a4-951c-44d5-ac7e-1eb5927a14c1","iconFilename":"assets/6a7c2fe8-be58-46cb-ba39-cc8766c51dbc/icon.png","assetSet":[{"tag":"none","location":"assets/6a7c2fe8-be58-46cb-ba39-cc8766c51dbc/none.png","index":0}],"useColourHue":false,"dependencies":["d3017e46-ee87-454b-bc75-f39d556e472a"],"defaultItem":false},{"id":"a0025688-4c21-449a-9fb4-ed7478d95a5f","name":"0053_Elven_Robe_Green","targetAnchor":"legs","positionOffset":[0.0,164.09906],"snapRange":[100.0,100.0],"menuScale":0.75,"dragScale":2.0,"targetScale":1.0,"zOrder":3,"categoryId":"79dee9de-add4-4b74-ab66-07082c6c19c6","iconFilename":"assets/a0025688-4c21-449a-9fb4-ed7478d95a5f/icon.png","assetSet":[{"tag":"none","location":"assets/a0025688-4c21-449a-9fb4-ed7478d95a5f/none.png","index":0}],"useColourHue":false,"defaultItem":false},{"id":"eb798c54-0e2b-4401-b8c9-5f0822e9847a","name":"0041_Snail_Pet","targetAnchor":"toy","positionOffset":[-4.03125,6.479523],"snapRange":[100.0,100.0],"menuScale":0.75,"dragScale":2.0,"targetScale":1.0,"zOrder":7,"categoryId":"e94d07a4-951c-44d5-ac7e-1eb5927a14c1","iconFilename":"assets/eb798c54-0e2b-4401-b8c9-5f0822e9847a/icon.png","assetSet":[{"tag":"none","location":"assets/eb798c54-0e2b-4401-b8c9-5f0822e9847a/none.png","index":0}],"useColourHue":false,"dependencies":["fed7bb82-d84f-4c73-a3e9-59749ac64a0b"],"defaultItem":false},{"id":"0e693905-aa4d-4d10-bbbc-cbc23c3f4ffb","name":"0045_Bat_Pet","targetAnchor":"toy","positionOffset":[0.0,-110.571213],"snapRange":[100.0,100.0],"menuScale":0.75,"dragScale":2.0,"targetScale":1.0,"zOrder":7,"categoryId":"e94d07a4-951c-44d5-ac7e-1eb5927a14c1","iconFilename":"assets/0e693905-aa4d-4d10-bbbc-cbc23c3f4ffb/icon.png","assetSet":[{"tag":"none","location":"assets/0e693905-aa4d-4d10-bbbc-cbc23c3f4ffb/none.png","index":0}],"useColourHue":false,"dependencies":["fed7bb82-d84f-4c73-a3e9-59749ac64a0b"],"defaultItem":false},{"id":"5c8855e2-a310-4b2a-aa15-ffc2a9ebf027","name":"face01","targetAnchor":"face","positionOffset":[0.0,0.0],"snapRange":[100.0,100.0],"menuScale":1.0,"dragScale":2.0,"targetScale":1.0,"zOrder":4,"categoryId":"0cccbe10-f5a6-454a-ba93-b032a24cc3a2","iconFilename":"assets/faces/Eyes_Brown.png","assetSet":[{"tag":"shadowEyes","location":"assets/faces/Eyes_Shadow.png","index":0},{"tag":"none","location":"assets/faces/Eyes_Brown.png","index":1}],"useColourHue":true,"defaultItem":true},{"id":"b6d7c9fa-c39b-4180-923d-f452b52139b4","name":"face03","targetAnchor":"face","positionOffset":[0.0,-15.0],"snapRange":[100.0,100.0],"menuScale":1.0,"dragScale":2.0,"targetScale":1.0,"zOrder":4,"categoryId":"0cccbe10-f5a6-454a-ba93-b032a24cc3a2","iconFilename":"assets/faces/Eyes_Brown_2.png","assetSet":[{"tag":"gloss","location":"assets/faces/Eyes_Shadow_2.png","index":0},{"tag":"highlight","location":"assets/faces/Oomee_Cheeks.png","index":1},{"tag":"none","location":"assets/faces/Eyes_Brown_2.png","index":2}],"useColourHue":true,"defaultItem":true},{"id":"ef72bbd3-e2aa-4326-ba1d-b2cfc5e67ab6","name":"glasses02","targetAnchor":"eyes","positionOffset":[0.0,-50.0],"snapRange":[100.0,100.0],"menuScale":1.0,"dragScale":2.0,"targetScale":1.0,"zOrder":6,"categoryId":"0cccbe10-f5a6-454a-ba93-b032a24cc3a2","iconFilename":"assets/accessories/Glasses2.png","assetSet":[{"tag":"base","location":"assets/accessories/Glasses2.png","index":0}],"useColourHue":false,"defaultItem":true},{"id":"7532ea36-3643-4c08-9ded-9acb2eab8ee0","name":"face02","targetAnchor":"face","positionOffset":[0.0,0.0],"snapRange":[100.0,100.0],"menuScale":1.0,"dragScale":2.0,"targetScale":1.0,"zOrder":4,"categoryId":"0cccbe10-f5a6-454a-ba93-b032a24cc3a2","iconFilename":"assets/faces/Eyes_Black.png","assetSet":[{"tag":"shadowEyes","location":"assets/faces/Eyes_Shadow.png","index":0},{"tag":"none","location":"assets/faces/Eyes_Black.png","index":1}],"useColourHue":true,"defaultItem":true},{"id":"c1bbff71-66e8-45e2-afbb-6f6805784a9f","name":"0009_Shield_Gold_and_Purple","targetAnchor":"toy","positionOffset":[-171.998718,-14.53421],"snapRange":[100.0,100.0],"menuScale":0.75,"dragScale":2.0,"targetScale":1.0,"zOrder":7,"categoryId":"79dee9de-add4-4b74-ab66-07082c6c19c6","iconFilename":"assets/c1bbff71-66e8-45e2-afbb-6f6805784a9f/icon.png","assetSet":[{"tag":"none","location":"assets/c1bbff71-66e8-45e2-afbb-6f6805784a9f/none.png","index":0}],"useColourHue":false,"dependencies":["d3017e46-ee87-454b-bc75-f39d556e472a"],"defaultItem":false},{"id":"c805542f-9f84-468d-86a9-94b4f5525ebe","name":"0003_Peeping_Helmet_Brown","targetAnchor":"head","positionOffset":[0.0,-106.553284],"snapRange":[100.0,100.0],"menuScale":0.75,"dragScale":2.0,"targetScale":1.0,"zOrder":6,"categoryId":"4d3b2ed8-eb33-4aec-b001-ac9e4ef7d959","iconFilename":"assets/c805542f-9f84-468d-86a9-94b4f5525ebe/icon.png","assetSet":[{"tag":"none","location":"assets/c805542f-9f84-468d-86a9-94b4f5525ebe/none.png","index":0}],"useColourHue":false,"defaultItem":false},{"id":"cdd2f825-3268-43b6-ba43-62526eea6fa5","name":"0049_Big_Eared_Pet_Red","targetAnchor":"toy","positionOffset":[0.0,42.842957],"snapRange":[100.0,100.0],"menuScale":0.75,"dragScale":2.0,"targetScale":1.0,"zOrder":7,"categoryId":"e94d07a4-951c-44d5-ac7e-1eb5927a14c1","iconFilename":"assets/cdd2f825-3268-43b6-ba43-62526eea6fa5/icon.png","assetSet":[{"tag":"none","location":"assets/cdd2f825-3268-43b6-ba43-62526eea6fa5/none.png","index":0}],"useColourHue":false,"dependencies":["fed7bb82-d84f-4c73-a3e9-59749ac64a0b"],"defaultItem":false},{"id":"33011d75-60ae-4a82-8dff-a8531515c964","name":"face08","targetAnchor":"face","positionOffset":[0.0,0.0],"snapRange":[100.0,100.0],"menuScale":1.0,"dragScale":2.0,"targetScale":1.0,"zOrder":4,"categoryId":"0cccbe10-f5a6-454a-ba93-b032a24cc3a2","iconFilename":"assets/faces/EyesMouth05.png","assetSet":[{"tag":"none","location":"assets/faces/EyesMouth05.png","index":0}],"useColourHue":true,"defaultItem":true},{"id":"4a9be169-dff5-4f0d-9a26-b4eb89d74186","name":"face10","targetAnchor":"face","positionOffset":[0.0,10.0],"snapRange":[100.0,100.0],"menuScale":1.0,"dragScale":2.0,"targetScale":1.0,"zOrder":4,"categoryId":"0cccbe10-f5a6-454a-ba93-b032a24cc3a2","iconFilename":"assets/faces/EyesMouth06.png","assetSet":[{"tag":"none","location":"assets/faces/EyesMouth06.png","index":0}],"useColourHue":true,"defaultItem":true},{"id":"89f164f4-7cc7-4246-ac86-e465799a2102","name":"0033_Sword_Blue","targetAnchor":"toy","positionOffset":[-274.868896,160.089111],"snapRange":[100.0,100.0],"menuScale":0.75,"dragScale":2.0,"targetScale":1.0,"zOrder":7,"categoryId":"79dee9de-add4-4b74-ab66-07082c6c19c6","iconFilename":"assets/89f164f4-7cc7-4246-ac86-e465799a2102/icon.png","assetSet":[{"tag":"none","location":"assets/89f164f4-7cc7-4246-ac86-e465799a2102/none.png","index":0}],"useColourHue":false,"dependencies":["d3017e46-ee87-454b-bc75-f39d556e472a"],"defaultItem":false},{"id":"da099d31-8dc7-4538-9be8-15cf9f962c4f","name":"0008_Shield_Grey_and_Red","targetAnchor":"toy","positionOffset":[-232.079773,35.001617],"snapRange":[100.0,100.0],"menuScale":0.75,"dragScale":2.0,"targetScale":1.0,"zOrder":7,"categoryId":"79dee9de-add4-4b74-ab66-07082c6c19c6","iconFilename":"assets/da099d31-8dc7-4538-9be8-15cf9f962c4f/icon.png","assetSet":[{"tag":"none","location":"assets/da099d31-8dc7-4538-9be8-15cf9f962c4f/none.png","index":0}],"useColourHue":false,"dependencies":["d3017e46-ee87-454b-bc75-f39d556e472a"],"defaultItem":false},{"id":"77343a1b-8255-4089-80bc-8b912e20a7b1","name":"0048_Horned_Furry_Pet_Blue","targetAnchor":"toy","positionOffset":[0.0,23.729706],"snapRange":[100.0,100.0],"menuScale":0.75,"dragScale":2.0,"targetScale":1.0,"zOrder":7,"categoryId":"e94d07a4-951c-44d5-ac7e-1eb5927a14c1","iconFilename":"assets/77343a1b-8255-4089-80bc-8b912e20a7b1/icon.png","assetSet":[{"tag":"none","location":"assets/77343a1b-8255-4089-80bc-8b912e20a7b1/none.png","index":0}],"useColourHue":false,"dependencies":["fed7bb82-d84f-4c73-a3e9-59749ac64a0b"],"defaultItem":false},{"id":"48f7f49c-7e3f-4284-8b44-61c24b59d261","name":"hat03","targetAnchor":"head","positionOffset":[0.0,0.0],"snapRange":[100.0,100.0],"menuScale":0.75,"dragScale":2.0,"targetScale":1.0,"zOrder":6,"categoryId":"9aef4ca0-672f-4a6d-ae75-3dcc29b7eb62","iconFilename":"assets/accessories/Hat3.png","assetSet":[{"tag":"base","location":"assets/accessories/Hat3.png","index":0}],"useColourHue":false,"defaultItem":true},{"id":"7c732598-3304-4349-a6d7-e4a0cedbc0fb","name":"armLeft03","targetAnchor":"armLeft","positionOffset":[-35.0,0.0],"snapRange":[100.0,100.0],"menuScale":0.75,"dragScale":2.0,"targetScale":1.0,"zOrder":-1,"categoryId":"cd6cc236-cefe-4665-a0d3-c07edd95f632","iconFilename":"assets/arms/Oomee_Arms_DarkPink.png","assetSet":[{"tag":"base","location":"assets/arms/armLeft03_Solid.png","index":0},{"tag":"gradient","location":"assets/arms/armLeft03_Gradient.png","index":1}],"useColourHue":true,"dependencies":["39dd6f7c-b153-4c73-b3e6-fde726d0ca68"],"defaultItem":true},{"id":"fed7bb82-d84f-4c73-a3e9-59749ac64a0b","name":"armLeft13","targetAnchor":"armLeft","positionOffset":[29.0,-9.0],"snapRange":[100.0,100.0],"menuScale":0.75,"dragScale":2.0,"targetScale":1.0,"zOrder":5,"categoryId":"cd6cc236-cefe-4665-a0d3-c07edd95f632","iconFilename":"assets/arms/ArmsPink2.png","assetSet":[{"tag":"base","location":"assets/arms/armLeft13_Solid.png","index":1},{"tag":"gradient","location":"assets/arms/armLeft13_Gradient.png","index":2},{"tag":"shadowLight","location":"assets/arms/armLeft13_Shadow.png","index":0}],"useColourHue":true,"dependencies":["bf0f9651-6ae2-45be-b3a2-8d3a85d5019f"],"defaultItem":true},{"id":"aea70a84-6adf-472f-ae7b-ff08377f1ad8","name":"face04","targetAnchor":"face","positionOffset":[0.0,0.0],"snapRange":[100.0,100.0],"menuScale":1.0,"dragScale":2.0,"targetScale":1.0,"zOrder":4,"categoryId":"0cccbe10-f5a6-454a-ba93-b032a24cc3a2","iconFilename":"assets/faces/EyesMouth03.png","assetSet":[{"tag":"shadowEyes","location":"assets/faces/EyesShadow03.png","index":0},{"tag":"none","location":"assets/faces/EyesMouth03.png","index":1}],"useColourHue":true,"defaultItem":true},{"id":"cce9ef12-15f5-45bd-b1c2-4490c5bc85cd","name":"toy09","targetAnchor":"toy","positionOffset":[-250.0,270.0],"snapRange":[100.0,100.0],"menuScale":1.0,"dragScale":2.0,"targetScale":1.0,"zOrder":6,"categoryId":"e94d07a4-951c-44d5-ac7e-1eb5927a14c1","iconFilename":"assets/accessories/Toy9.png","assetSet":[{"tag":"base","location":"assets/accessories/Toy9.png","index":0}],"useColourHue":false,"dependencies":["c601815a-104b-44e8-904d-47926925bdcd","6f4220d9-e163-4ec0-a23a-4afea9e5e1b4"],"defaultItem":true},{"id":"e23a231a-8119-4d90-b6c0-30fdcfae5fe5","name":"armLeft01","targetAnchor":"armLeft","positionOffset":[-35.0,0.0],"snapRange":[100.0,100.0],"menuScale":0.75,"dragScale":2.0,"targetScale":1.0,"zOrder":-1,"categoryId":"cd6cc236-cefe-4665-a0d3-c07edd95f632","iconFilename":"assets/arms/Oomee_Arms_Yellow.png","assetSet":[{"tag":"base","location":"assets/arms/armLeft01_Solid.png","index":0},{"tag":"gradient","location":"assets/arms/armLeft01_Gradient.png","index":1}],"useColourHue":true,"dependencies":["e9977cbf-a7c5-40c1-806b-747c6c3b96f6"],"defaultItem":true},{"id":"e9977cbf-a7c5-40c1-806b-747c6c3b96f6","name":"armRight01","targetAnchor":"armRight","positionOffset":[35.0,0.0],"snapRange":[100.0,100.0],"menuScale":0.75,"dragScale":2.0,"targetScale":1.0,"zOrder":-1,"categoryId":"17c98874-53aa-45c8-b6f5-cf6681da6445","iconFilename":"assets/arms/Oomee_Arms_Yellow.png","assetSet":[{"tag":"base","location":"assets/arms/armRight01_Solid.png","index":0},{"tag":"gradient","location":"assets/arms/armRight01_Gradient.png","index":1}],"useColourHue":true,"dependencies":["e23a231a-8119-4d90-b6c0-30fdcfae5fe5"],"defaultItem":true},{"id":"7cfd1043-d49d-4a8e-bdea-e58845dd3211","name":"face15","targetAnchor":"face","positionOffset":[0.0,-15.0],"snapRange":[100.0,100.0],"menuScale":1.0,"dragScale":2.0,"targetScale":1.0,"zOrder":4,"categoryId":"0cccbe10-f5a6-454a-ba93-b032a24cc3a2","iconFilename":"assets/faces/EyesMouth11.png","assetSet":[{"tag":"shadowEyes","location":"assets/faces/EyesMouth11Shadow.png","index":0},{"tag":"none","location":"assets/faces/EyesMouth11.png","index":1}],"useColourHue":true,"defaultItem":true},{"id":"da9487e4-0529-42ed-b4a5-a144a724b0af","name":"face16","targetAnchor":"face","positionOffset":[0.0,-10.0],"snapRange":[100.0,100.0],"menuScale":1.0,"dragScale":2.0,"targetScale":1.0,"zOrder":4,"categoryId":"0cccbe10-f5a6-454a-ba93-b032a24cc3a2","iconFilename":"assets/faces/EyesMouth12.png","assetSet":[{"tag":"shadowEyes","location":"assets/faces/EyesMouth12Shadow.png","index":0},{"tag":"none","location":"assets/faces/EyesMouth12.png","index":1}],"useColourHue":true,"defaultItem":true},{"id":"aa6ddb5c-0148-408d-9375-3647a426c789","name":"armRight05","targetAnchor":"armRight","positionOffset":[35.0,0.0],"snapRange":[100.0,100.0],"menuScale":0.75,"dragScale":2.0,"targetScale":1.0,"zOrder":5,"categoryId":"17c98874-53aa-45c8-b6f5-cf6681da6445","iconFilename":"assets/arms/Oomee_Arms_Orange.png","assetSet":[{"tag":"base","location":"assets/arms/armRight05_Solid.png","index":0},{"tag":"gradient","location":"assets/arms/armRight05_Gradient.png","index":1},{"tag":"shadowLight","location":"assets/arms/armRight05_Shadow.png","index":2}],"useColourHue":true,"dependencies":["6981bb64-473d-480b-b318-a176784dd84b"],"defaultItem":true},{"id":"5ca5f6b7-6232-4ef1-a376-43661ab85171","name":"armRight06","targetAnchor":"armRight","positionOffset":[50.0,0.0],"snapRange":[100.0,100.0],"menuScale":0.75,"dragScale":2.0,"targetScale":1.0,"zOrder":-1,"categoryId":"17c98874-53aa-45c8-b6f5-cf6681da6445","iconFilename":"assets/arms/Oomee_Arms_Blue.png","assetSet":[{"tag":"base","location":"assets/arms/armRight06_Solid.png","index":0},{"tag":"gradient","location":"assets/arms/armRight06_Gradient.png","index":1},{"tag":"highlight","location":"assets/arms/armRight06_Bottom.png","index":2}],"useColourHue":true,"dependencies":["eb00e915-3aea-45c5-a24f-0b36b6d1a460"],"defaultItem":true},{"id":"0e1bc12a-8a56-4650-8424-d0751ee6c68a","name":"armRight07","targetAnchor":"armRight","positionOffset":[25.0,0.0],"snapRange":[100.0,100.0],"menuScale":0.75,"dragScale":2.0,"targetScale":1.0,"zOrder":-1,"categoryId":"17c98874-53aa-45c8-b6f5-cf6681da6445","iconFilename":"assets/arms/ArmsGreen.png","assetSet":[{"tag":"base","location":"assets/arms/armRight07_Solid.png","index":0},{"tag":"gradient","location":"assets/arms/armRight07_Gradient.png","index":1},{"tag":"shadowLight","location":"assets/arms/armRight07_Bottom.png","index":2},{"tag":"highlight","location":"assets/arms/armRight07_Top.png","index":3}],"useColourHue":true,"dependencies":["4c15b916-582c-4c38-84fa-69728b485e5e"],"defaultItem":true},{"id":"358206f8-d2c6-48eb-a33b-2050a422292b","name":"ears04","targetAnchor":"ears","positionOffset":[0.0,-40.0],"snapRange":[100.0,100.0],"menuScale":1.0,"dragScale":2.0,"targetScale":1.0,"zOrder":-1,"categoryId":"f100cb34-47ba-4eda-b592-55f85a11dfd1","iconFilename":"assets/ears/EarsBlack.png","assetSet":[{"tag":"shadowLight","location":"assets/ears/ear04_Base.png","index":0},{"tag":"base","location":"assets/ears/ear04_Stripe.png","index":1},{"tag":"shadow","location":"assets/ears/ear04_Shadow.png","index":2},{"tag":"gloss","location":"assets/ears/ear04_Highlight.png","index":3}],"useColourHue":true,"defaultItem":true},{"id":"3baceadf-b0c1-4ce2-8af4-cd4ee7220679","name":"antenna03","targetAnchor":"ears","positionOffset":[0.0,0.0],"snapRange":[100.0,100.0],"menuScale":1.0,"dragScale":2.0,"targetScale":1.0,"zOrder":-1,"categoryId":"f100cb34-47ba-4eda-b592-55f85a11dfd1","iconFilename":"assets/hair/antenna_Purple.png","assetSet":[{"tag":"gradient","location":"assets/hair/antenna03_Bottom.png","index":0},{"tag":"base","location":"assets/hair/antenna03_Middle.png","index":1},{"tag":"highlight","location":"assets/hair/antenna03_Top.png","index":2},{"tag":"gloss","location":"assets/hair/antenna03_Top_Shadow.png","index":3}],"useColourHue":true,"defaultItem":true},{"id":"d6647910-d6a1-4217-873f-1910bb331505","name":"antenna04","targetAnchor":"ears","positionOffset":[0.0,5.0],"snapRange":[100.0,100.0],"menuScale":1.0,"dragScale":2.0,"targetScale":1.0,"zOrder":-1,"categoryId":"f100cb34-47ba-4eda-b592-55f85a11dfd1","iconFilename":"assets/hair/antenna_Orange.png","assetSet":[{"tag":"highlight","location":"assets/hair/antenna04_Bottom.png","index":0},{"tag":"face","location":"assets/hair/antenna04_Middle.png","index":1},{"tag":"gloss","location":"assets/hair/antenna04_Top.png","index":2}],"useColourHue":true,"defaultItem":true},{"id":"58b31260-0ef2-4137-b7db-c5f901bb1c5b","name":"horns01","targetAnchor":"ears","positionOffset":[0.0,-105.0],"snapRange":[100.0,100.0],"menuScale":1.0,"dragScale":2.0,"targetScale":1.0,"zOrder":-1,"categoryId":"f100cb34-47ba-4eda-b592-55f85a11dfd1","iconFilename":"assets/accessories/Horns2.png","assetSet":[{"tag":"base","location":"assets/accessories/Horns2.png","index":0}],"useColourHue":false,"defaultItem":true},{"id":"9c761653-5878-449b-8e6f-ee490407b69c","name":"ears13","targetAnchor":"ears","positionOffset":[0.0,50.0],"snapRange":[100.0,100.0],"menuScale":1.0,"dragScale":2.0,"targetScale":1.0,"zOrder":-1,"categoryId":"f100cb34-47ba-4eda-b592-55f85a11dfd1","iconFilename":"assets/ears/OrangeAntenna3.png","assetSet":[{"tag":"face","location":"assets/ears/ear13_Solid.png","index":0},{"tag":"gradient","location":"assets/ears/ear13_Gradient.png","index":1},{"tag":"highlight","location":"assets/ears/ear13_Top.png","index":2},{"tag":"shadowLight","location":"assets/ears/ear13_Shadow.png","index":3}],"useColourHue":true,"defaultItem":true},{"id":"86649731-665a-4d58-bc83-c620b9b63a06","name":"armRight08","targetAnchor":"armRight","positionOffset":[35.0,0.0],"snapRange":[100.0,100.0],"menuScale":0.75,"dragScale":2.0,"targetScale":1.0,"zOrder":-1,"categoryId":"17c98874-53aa-45c8-b6f5-cf6681da6445","iconFilename":"assets/arms/Oomee_Arms_Orange.png","assetSet":[{"tag":"base","location":"assets/arms/armRight08_Solid.png","index":0},{"tag":"gradient","location":"assets/arms/armRight08_Gradient.png","index":1}],"useColourHue":true,"dependencies":["da78e529-3c5a-4ba0-882d-96ba3783cedd"],"defaultItem":true},{"id":"32a92a2b-9674-49fd-a41c-a49c3526fb8c","name":"armRight10","targetAnchor":"armRight","positionOffset":[20.0,-30.0],"snapRange":[100.0,100.0],"menuScale":0.75,"dragScale":2.0,"targetScale":1.0,"zOrder":5,"categoryId":"17c98874-53aa-45c8-b6f5-cf6681da6445","iconFilename":"assets/arms/ArmsAqua.png","assetSet":[{"tag":"base","location":"assets/arms/armRight10_Solid.png","index":0},{"tag":"gradient","location":"assets/arms/armRight10_Gradient.png","index":1},{"tag":"shadowLight","location":"assets/arms/armRight10_Top.png","index":2},{"tag":"shadow","location":"assets/arms/armRight10_Bottom.png","index":3}],"useColourHue":true,"dependencies":["f028910f-9713-458e-8f6c-c0298175288e"],"defaultItem":true},{"id":"0f6fb030-9e18-4c9a-a8bc-03b59fa4f11b","name":"armRight02","targetAnchor":"armRight","positionOffset":[35.0,0.0],"snapRange":[100.0,100.0],"menuScale":0.75,"dragScale":2.0,"targetScale":1.0,"zOrder":-1,"categoryId":"17c98874-53aa-45c8-b6f5-cf6681da6445","iconFilename":"assets/arms/Oomee_Arms_Pink.png","assetSet":[{"tag":"base","location":"assets/arms/armRight02_Solid.png","index":0},{"tag":"gradient","location":"assets/arms/armRight02_Gradient.png","index":1}],"useColourHue":true,"dependencies":["6cf0f9af-d751-4ff9-b6e2-b9db5027d942"],"defaultItem":true},{"id":"1b5a1fac-6c40-4892-8a0a-0466b0bb2402","name":"armRight11","targetAnchor":"armRight","positionOffset":[-5.0,0.0],"snapRange":[100.0,100.0],"menuScale":0.75,"dragScale":2.0,"targetScale":1.0,"zOrder":-1,"categoryId":"17c98874-53aa-45c8-b6f5-cf6681da6445","iconFilename":"assets/arms/ArmsLightRed.png","assetSet":[{"tag":"base","location":"assets/arms/armRight11_Solid.png","index":0},{"tag":"gradient","location":"assets/arms/armRight11_Gradient.png","index":1},{"tag":"shadowLight","location":"assets/arms/armRight11_Shadow.png","index":2},{"tag":"shadow","location":"assets/arms/armRight11_ShadowGradient.png","index":3}],"useColourHue":true,"dependencies":["c957ef49-36e0-4a5f-9b74-6baef70d1329"],"defaultItem":true},{"id":"f88ee9b0-af2d-430e-a2b1-7f690a0cedee","name":"armRight12","targetAnchor":"armRight","positionOffset":[-14.0,-10.0],"snapRange":[100.0,100.0],"menuScale":0.75,"dragScale":2.0,"targetScale":1.0,"zOrder":5,"categoryId":"17c98874-53aa-45c8-b6f5-cf6681da6445","iconFilename":"assets/arms/ArmsYellow2.png","assetSet":[{"tag":"base","location":"assets/arms/armRight12_Solid.png","index":1},{"tag":"gradient","location":"assets/arms/armRight12_Gradient.png","index":2},{"tag":"shadowLight","location":"assets/arms/armRight12_Shadow.png","index":0}],"useColourHue":true,"dependencies":["4398df31-b283-431c-a8f4-b861758b1da6"],"defaultItem":true},{"id":"bf0f9651-6ae2-45be-b3a2-8d3a85d5019f","name":"armRight13","targetAnchor":"armRight","positionOffset":[-29.0,-9.0],"snapRange":[100.0,100.0],"menuScale":0.75,"dragScale":2.0,"targetScale":1.0,"zOrder":5,"categoryId":"17c98874-53aa-45c8-b6f5-cf6681da6445","iconFilename":"assets/arms/ArmsPink2.png","assetSet":[{"tag":"base","location":"assets/arms/armRight13_Solid.png","index":1},{"tag":"gradient","location":"assets/arms/armRight13_Gradient.png","index":2},{"tag":"shadowLight","location":"assets/arms/armRight13_Shadow.png","index":0}],"useColourHue":true,"dependencies":["fed7bb82-d84f-4c73-a3e9-59749ac64a0b"],"defaultItem":true},{"id":"5881272c-4757-4126-8d31-ea0000015d62","name":"armRight14","targetAnchor":"armRight","positionOffset":[35.0,0.0],"snapRange":[100.0,100.0],"menuScale":0.75,"dragScale":2.0,"targetScale":1.0,"zOrder":-1,"categoryId":"17c98874-53aa-45c8-b6f5-cf6681da6445","iconFilename":"assets/arms/ArmsDarkPink2.png","assetSet":[{"tag":"base","location":"assets/arms/armRight14_Solid.png","index":0},{"tag":"gradient","location":"assets/arms/armRight14_Gradient.png","index":1}],"useColourHue":true,"dependencies":["4a679116-4865-416a-b7d1-cc2f4229ed91"],"defaultItem":true},{"id":"132a3f27-d357-41ab-84cf-cfa6dc1c7750","name":"armRight09","targetAnchor":"armRight","positionOffset":[-40.0,-20.0],"snapRange":[100.0,100.0],"menuScale":0.75,"dragScale":2.0,"targetScale":1.0,"zOrder":5,"categoryId":"17c98874-53aa-45c8-b6f5-cf6681da6445","iconFilename":"assets/arms/ArmsBlack.png","assetSet":[{"tag":"none","location":"assets/arms/ClawsBlackRight.png","index":0},{"tag":"base","location":"assets/arms/armRight09_Solid.png","index":1},{"tag":"gradient","location":"assets/arms/armRight09_Gradient.png","index":2},{"tag":"highlight","location":"assets/arms/armRight09_Highlight.png","index":3}],"useColourHue":true,"dependencies":["de136a78-3d8e-4fdc-9916-5d5c0f2cefe9"],"defaultItem":true},{"id":"1f87286f-1fbd-403f-a8a0-e0d91dfd39f7","name":"ears14","targetAnchor":"ears","positionOffset":[0.0,-20.0],"snapRange":[100.0,100.0],"menuScale":1.0,"dragScale":2.0,"targetScale":1.0,"zOrder":-1,"categoryId":"f100cb34-47ba-4eda-b592-55f85a11dfd1","iconFilename":"assets/ears/EarsBlue2.png","assetSet":[{"tag":"highlight","location":"assets/ears/ear14_Solid.png","index":0},{"tag":"shadowLight","location":"assets/ears/ear14_Gradient.png","index":1},{"tag":"base","location":"assets/ears/ear14_Top.png","index":2},{"tag":"gradient","location":"assets/ears/ear14_TopGradient.png","index":3}],"useColourHue":true,"defaultItem":true},{"id":"cfb88a48-1068-46b8-9d9e-78d4d1afacd5","name":"ears17","targetAnchor":"ears","positionOffset":[0.0,15.0],"snapRange":[100.0,100.0],"menuScale":1.0,"dragScale":2.0,"targetScale":1.0,"zOrder":5,"categoryId":"f100cb34-47ba-4eda-b592-55f85a11dfd1","iconFilename":"assets/ears/EarsAqua2.png","assetSet":[{"tag":"base","location":"assets/ears/ear17_Solid.png","index":0},{"tag":"gradient","location":"assets/ears/ear17_Bottom.png","index":1},{"tag":"gloss","location":"assets/ears/ear17_Top.png","index":2},{"tag":"none","location":"assets/ears/Hat21.png","index":3}],"useColourHue":true,"defaultItem":true},{"id":"ca47bbc1-7427-42bc-a04b-09446aa4e83c","name":"face11","targetAnchor":"face","positionOffset":[0.0,0.0],"snapRange":[100.0,100.0],"menuScale":1.0,"dragScale":2.0,"targetScale":1.0,"zOrder":4,"categoryId":"0cccbe10-f5a6-454a-ba93-b032a24cc3a2","iconFilename":"assets/faces/EyesMouth07.png","assetSet":[{"tag":"none","location":"assets/faces/EyesMouth07.png","index":0}],"useColourHue":true,"defaultItem":true},{"id":"5859dfd2-6428-46a6-bf4f-308abddfe883","name":"face12","targetAnchor":"face","positionOffset":[0.0,0.0],"snapRange":[100.0,100.0],"menuScale":1.0,"dragScale":2.0,"targetScale":1.0,"zOrder":4,"categoryId":"0cccbe10-f5a6-454a-ba93-b032a24cc3a2","iconFilename":"assets/faces/EyesMouth08.png","assetSet":[{"tag":"shadowEyes","location":"assets/faces/EyesMouth08_Shadow.png","index":0},{"tag":"none","location":"assets/faces/EyesMouth08.png","index":1}],"useColourHue":true,"defaultItem":true},{"id":"26682b27-8823-493e-982f-a2d058feb152","name":"face13","targetAnchor":"face","positionOffset":[0.0,0.0],"snapRange":[100.0,100.0],"menuScale":1.0,"dragScale":2.0,"targetScale":1.0,"zOrder":4,"categoryId":"0cccbe10-f5a6-454a-ba93-b032a24cc3a2","iconFilename":"assets/faces/EyesMouth09.png","assetSet":[{"tag":"highlight","location":"assets/faces/EyesMouth09TopShadow.png","index":0},{"tag":"shadowEyes","location":"assets/faces/EyesMouth09BottomShadow.png","index":1},{"tag":"none","location":"assets/faces/EyesMouth09.png","index":2}],"useColourHue":true,"defaultItem":true},{"id":"a677a8ec-7e5b-4985-8dce-768cdbffeda0","name":"face14","targetAnchor":"face","positionOffset":[0.0,0.0],"snapRange":[100.0,100.0],"menuScale":1.0,"dragScale":2.0,"targetScale":1.0,"zOrder":4,"categoryId":"0cccbe10-f5a6-454a-ba93-b032a24cc3a2","iconFilename":"assets/faces/EyesMouth10.png","assetSet":[{"tag":"none","location":"assets/faces/EyesMouth10.png","index":0}],"useColourHue":true,"defaultItem":true},{"id":"97820b33-fa0b-4c82-a4dc-63147c36183f","name":"face17","targetAnchor":"face","positionOffset":[0.0,0.0],"snapRange":[100.0,100.0],"menuScale":1.0,"dragScale":2.0,"targetScale":1.0,"zOrder":4,"categoryId":"0cccbe10-f5a6-454a-ba93-b032a24cc3a2","iconFilename":"assets/faces/EyesMouth13.png","assetSet":[{"tag":"shadowEyes","location":"assets/faces/EyesMouth13Shadow.png","index":0},{"tag":"none","location":"assets/faces/EyesMouth13.png","index":1}],"useColourHue":true,"defaultItem":true},{"id":"b1d26125-6ee3-46d8-96a2-9fe4477f96ea","name":"face18","targetAnchor":"face","positionOffset":[0.0,0.0],"snapRange":[100.0,100.0],"menuScale":1.0,"dragScale":2.0,"targetScale":1.0,"zOrder":4,"categoryId":"0cccbe10-f5a6-454a-ba93-b032a24cc3a2","iconFilename":"assets/faces/EyesMouth14.png","assetSet":[{"tag":"none","location":"assets/faces/EyesMouth14.png","index":0}],"useColourHue":true,"defaultItem":true},{"id":"5f8af4f6-8425-436d-aee5-2356e7981153","name":"face20","targetAnchor":"face","positionOffset":[0.0,0.0],"snapRange":[100.0,100.0],"menuScale":1.0,"dragScale":2.0,"targetScale":1.0,"zOrder":4,"categoryId":"0cccbe10-f5a6-454a-ba93-b032a24cc3a2","iconFilename":"assets/faces/EyesMouth16.png","assetSet":[{"tag":"shadowEyes","location":"assets/faces/EyesMouth16_Shadow.png","index":0},{"tag":"none","location":"assets/faces/EyesMouth16.png","index":1}],"useColourHue":true,"defaultItem":true},{"id":"9c3ecf8a-b3aa-47a2-bd24-5170084da2b5","name":"face21","targetAnchor":"face","positionOffset":[0.0,0.0],"snapRange":[100.0,100.0],"menuScale":1.0,"dragScale":2.0,"targetScale":1.0,"zOrder":4,"categoryId":"0cccbe10-f5a6-454a-ba93-b032a24cc3a2","iconFilename":"assets/faces/EyesMouth17.png","assetSet":[{"tag":"none","location":"assets/faces/EyesMouth17.png","index":0}],"useColourHue":true,"defaultItem":true},{"id":"23f8985f-141a-4448-b582-2ec63da1321f","name":"face19","targetAnchor":"face","positionOffset":[0.0,-10.0],"snapRange":[100.0,100.0],"menuScale":1.0,"dragScale":2.0,"targetScale":1.0,"zOrder":4,"categoryId":"0cccbe10-f5a6-454a-ba93-b032a24cc3a2","iconFilename":"assets/faces/EyesMouth15.png","assetSet":[{"tag":"shadowEyes","location":"assets/faces/EyesMouth15_Shadow.png","index":0},{"tag":"none","location":"assets/faces/EyesMouth15.png","index":1}],"useColourHue":true,"defaultItem":true},{"id":"54d9000b-726f-4aa6-84a3-b7d87b700414","name":"face06","targetAnchor":"face","positionOffset":[0.0,0.0],"snapRange":[100.0,100.0],"menuScale":1.0,"dragScale":2.0,"targetScale":1.0,"zOrder":4,"categoryId":"0cccbe10-f5a6-454a-ba93-b032a24cc3a2","iconFilename":"assets/faces/EyesMouth04.png","assetSet":[{"tag":"shadowEyes","location":"assets/faces/EyesShadow07.png","index":0},{"tag":"none","location":"assets/faces/EyesMouth04.png","index":1}],"useColourHue":true,"defaultItem":true},{"id":"f45bd96a-ac66-4b67-ae81-2a2c85b2b61e","name":"face07","targetAnchor":"face","positionOffset":[0.0,0.0],"snapRange":[100.0,100.0],"menuScale":1.0,"dragScale":2.0,"targetScale":1.0,"zOrder":4,"categoryId":"0cccbe10-f5a6-454a-ba93-b032a24cc3a2","iconFilename":"assets/faces/EyesBlack03.png","assetSet":[{"tag":"none","location":"assets/faces/EyesBlack03.png","index":0}],"useColourHue":true,"defaultItem":true},{"id":"4abb3008-1834-46d7-b04b-f139393dd61c","name":"hat04","targetAnchor":"head","positionOffset":[0.0,0.0],"snapRange":[100.0,100.0],"menuScale":1.0,"dragScale":2.0,"targetScale":1.0,"zOrder":6,"categoryId":"9aef4ca0-672f-4a6d-ae75-3dcc29b7eb62","iconFilename":"assets/accessories/Hat4.png","assetSet":[{"tag":"base","location":"assets/accessories/Hat4.png","index":0}],"useColourHue":false,"defaultItem":true},{"id":"fdeb6498-a40c-44e6-b16d-d6b17c83f7c2","name":"hat05","targetAnchor":"head","positionOffset":[0.0,-15.0],"snapRange":[100.0,100.0],"menuScale":0.9,"dragScale":2.0,"targetScale":1.0,"zOrder":6,"categoryId":"9aef4ca0-672f-4a6d-ae75-3dcc29b7eb62","iconFilename":"assets/accessories/Hat5.png","assetSet":[{"tag":"base","location":"assets/accessories/Hat5.png","index":0}],"useColourHue":false,"defaultItem":true},{"id":"df45c6cf-1509-4be7-9895-2283e56aec82","name":"hat06","targetAnchor":"head","positionOffset":[0.0,0.0],"snapRange":[100.0,100.0],"menuScale":0.75,"dragScale":2.0,"targetScale":1.0,"zOrder":6,"categoryId":"9aef4ca0-672f-4a6d-ae75-3dcc29b7eb62","iconFilename":"assets/accessories/Hat6.png","assetSet":[{"tag":"base","location":"assets/accessories/Hat6.png","index":0}],"useColourHue":false,"defaultItem":true},{"id":"65386dfb-cd02-4443-9e1e-f7dca5fb6857","name":"hat07","targetAnchor":"head","positionOffset":[0.0,0.0],"snapRange":[100.0,100.0],"menuScale":0.75,"dragScale":2.0,"targetScale":1.0,"zOrder":6,"categoryId":"9aef4ca0-672f-4a6d-ae75-3dcc29b7eb62","iconFilename":"assets/accessories/Hat7.png","assetSet":[{"tag":"base","location":"assets/accessories/Hat7.png","index":0}],"useColourHue":false,"defaultItem":true},{"id":"76817d3e-dc03-4f67-ae66-694adcd1277b","name":"hat08","targetAnchor":"head","positionOffset":[0.0,-40.0],"snapRange":[100.0,100.0],"menuScale":0.75,"dragScale":2.0,"targetScale":1.0,"zOrder":6,"categoryId":"9aef4ca0-672f-4a6d-ae75-3dcc29b7eb62","iconFilename":"assets/accessories/Hat8.png","assetSet":[{"tag":"base","location":"assets/accessories/Hat8.png","index":0}],"useColourHue":false,"defaultItem":true},{"id":"850719c7-036f-436d-a374-0a0abbed464d","name":"hat09","targetAnchor":"head","positionOffset":[0.0,0.0],"snapRange":[100.0,100.0],"menuScale":0.9,"dragScale":2.0,"targetScale":1.0,"zOrder":6,"categoryId":"9aef4ca0-672f-4a6d-ae75-3dcc29b7eb62","iconFilename":"assets/accessories/Hat9.png","assetSet":[{"tag":"base","location":"assets/accessories/Hat9.png","index":0}],"useColourHue":false,"defaultItem":true},{"id":"7b44c236-ef1a-4632-816f-bd740c085154","name":"hat10","targetAnchor":"head","positionOffset":[0.0,-90.0],"snapRange":[100.0,100.0],"menuScale":0.75,"dragScale":2.0,"targetScale":1.0,"zOrder":6,"categoryId":"9aef4ca0-672f-4a6d-ae75-3dcc29b7eb62","iconFilename":"assets/accessories/Hat10.png","assetSet":[{"tag":"base","location":"assets/accessories/Hat10.png","index":0}],"useColourHue":false,"defaultItem":true},{"id":"7b075c8f-0913-4ab9-8bf7-727e9f7344f7","name":"hat11","targetAnchor":"head","positionOffset":[0.0,0.0],"snapRange":[100.0,100.0],"menuScale":0.9,"dragScale":2.0,"targetScale":1.0,"zOrder":6,"categoryId":"9aef4ca0-672f-4a6d-ae75-3dcc29b7eb62","iconFilename":"assets/accessories/Hat11.png","assetSet":[{"tag":"base","location":"assets/accessories/Hat11.png","index":0}],"useColourHue":false,"defaultItem":true},{"id":"67190d21-5dac-4ee4-91ae-97d4b27487ae","name":"hat12","targetAnchor":"head","positionOffset":[0.0,0.0],"snapRange":[100.0,100.0],"menuScale":0.8,"dragScale":2.0,"targetScale":1.0,"zOrder":6,"categoryId":"9aef4ca0-672f-4a6d-ae75-3dcc29b7eb62","iconFilename":"assets/accessories/Hat12.png","assetSet":[{"tag":"base","location":"assets/accessories/Hat12.png","index":0}],"useColourHue":false,"defaultItem":true},{"id":"17970132-398f-4604-9ece-ebfa9821ca7d","name":"hat13","targetAnchor":"head","positionOffset":[0.0,-20.0],"snapRange":[100.0,100.0],"menuScale":0.8,"dragScale":2.0,"targetScale":1.0,"zOrder":6,"categoryId":"9aef4ca0-672f-4a6d-ae75-3dcc29b7eb62","iconFilename":"assets/accessories/Hat13.png","assetSet":[{"tag":"base","location":"assets/accessories/Hat13.png","index":0}],"useColourHue":false,"defaultItem":true},{"id":"c21e6e90-8808-4e17-a8b8-47b38adf7ddb","name":"hat14","targetAnchor":"head","positionOffset":[0.0,-40.0],"snapRange":[100.0,100.0],"menuScale":0.8,"dragScale":2.0,"targetScale":1.0,"zOrder":6,"categoryId":"9aef4ca0-672f-4a6d-ae75-3dcc29b7eb62","iconFilename":"assets/accessories/Hat14.png","assetSet":[{"tag":"base","location":"assets/accessories/Hat14.png","index":0}],"useColourHue":false,"defaultItem":true},{"id":"385b258e-990f-4024-af6f-ab7e815957d7","name":"hat15","targetAnchor":"head","positionOffset":[0.0,-55.0],"snapRange":[100.0,100.0],"menuScale":0.8,"dragScale":2.0,"targetScale":1.0,"zOrder":6,"categoryId":"9aef4ca0-672f-4a6d-ae75-3dcc29b7eb62","iconFilename":"assets/accessories/Hat15.png","assetSet":[{"tag":"base","location":"assets/accessories/Hat15.png","index":0}],"useColourHue":false,"defaultItem":true},{"id":"2945238a-8ad7-429a-812f-efeec332608c","name":"hat16","targetAnchor":"head","positionOffset":[0.0,-80.0],"snapRange":[100.0,100.0],"menuScale":0.8,"dragScale":2.0,"targetScale":1.0,"zOrder":6,"categoryId":"9aef4ca0-672f-4a6d-ae75-3dcc29b7eb62","iconFilename":"assets/accessories/Hat16.png","assetSet":[{"tag":"base","location":"assets/accessories/Hat16.png","index":0}],"useColourHue":false,"defaultItem":true},{"id":"652e8df6-f7a0-47d8-abd3-b6976d528a5b","name":"hat17","targetAnchor":"head","positionOffset":[0.0,-100.0],"snapRange":[100.0,100.0],"menuScale":0.8,"dragScale":2.0,"targetScale":1.0,"zOrder":6,"categoryId":"9aef4ca0-672f-4a6d-ae75-3dcc29b7eb62","iconFilename":"assets/accessories/Hat17.png","assetSet":[{"tag":"base","location":"assets/accessories/Hat17.png","index":0}],"useColourHue":false,"defaultItem":true},{"id":"1d4c3099-b75d-4a05-a247-24ccf483e665","name":"hat18","targetAnchor":"head","positionOffset":[0.0,-10.0],"snapRange":[100.0,100.0],"menuScale":0.8,"dragScale":2.0,"targetScale":1.0,"zOrder":6,"categoryId":"9aef4ca0-672f-4a6d-ae75-3dcc29b7eb62","iconFilename":"assets/accessories/Hat18.png","assetSet":[{"tag":"base","location":"assets/accessories/Hat18.png","index":0}],"useColourHue":false,"defaultItem":true},{"id":"192e3986-797d-462f-ab66-33e6c74e830f","name":"hat19","targetAnchor":"head","positionOffset":[0.0,-10.0],"snapRange":[100.0,100.0],"menuScale":1.0,"dragScale":2.0,"targetScale":1.0,"zOrder":6,"categoryId":"9aef4ca0-672f-4a6d-ae75-3dcc29b7eb62","iconFilename":"assets/accessories/Hat19.png","assetSet":[{"tag":"base","location":"assets/accessories/Hat19.png","index":0}],"useColourHue":false,"defaultItem":true},{"id":"511d86be-1608-444f-b89b-8e6f821e61b3","name":"hat20","targetAnchor":"head","positionOffset":[0.0,-40.0],"snapRange":[100.0,100.0],"menuScale":0.8,"dragScale":2.0,"targetScale":1.0,"zOrder":6,"categoryId":"9aef4ca0-672f-4a6d-ae75-3dcc29b7eb62","iconFilename":"assets/accessories/Hat20.png","assetSet":[{"tag":"base","location":"assets/accessories/Hat20.png","index":0}],"useColourHue":false,"defaultItem":true},{"id":"db1be040-34c2-4f56-9f40-0cf0474d0fe1","name":"hat02","targetAnchor":"head","positionOffset":[0.0,0.0],"snapRange":[100.0,100.0],"menuScale":1.0,"dragScale":2.0,"targetScale":1.0,"zOrder":6,"categoryId":"9aef4ca0-672f-4a6d-ae75-3dcc29b7eb62","iconFilename":"assets/accessories/Hat2.png","assetSet":[{"tag":"base","location":"assets/accessories/Hat2.png","index":0}],"useColourHue":false,"defaultItem":true},{"id":"d3017e46-ee87-454b-bc75-f39d556e472a","name":"armLeft04","targetAnchor":"armLeft","positionOffset":[-50.0,-10.0],"snapRange":[100.0,100.0],"menuScale":0.75,"dragScale":2.0,"targetScale":1.0,"zOrder":-1,"categoryId":"cd6cc236-cefe-4665-a0d3-c07edd95f632","iconFilename":"assets/arms/Oomee_Arms_Purple.png","assetSet":[{"tag":"base","location":"assets/arms/armLeft04_Solid.png","index":0},{"tag":"gradient","location":"assets/arms/armLeft04_Gradient.png","index":1},{"tag":"shadowLight","location":"assets/arms/armLeft04_Shadow_Bottom.png","index":2},{"tag":"highlight","location":"assets/arms/armLeft04_Shadow_Top.png","index":3}],"useColourHue":true,"dependencies":["0f38f3ba-bc8d-4607-a83b-d56e94c6397c"],"defaultItem":true},{"id":"6981bb64-473d-480b-b318-a176784dd84b","name":"armLeft05","targetAnchor":"armLeft","positionOffset":[-35.0,0.0],"snapRange":[100.0,100.0],"menuScale":0.75,"dragScale":2.0,"targetScale":1.0,"zOrder":5,"categoryId":"cd6cc236-cefe-4665-a0d3-c07edd95f632","iconFilename":"assets/arms/Oomee_Arms_Orange.png","assetSet":[{"tag":"base","location":"assets/arms/armLeft05_Solid.png","index":0},{"tag":"gradient","location":"assets/arms/armLeft05_Gradient.png","index":1},{"tag":"shadowLight","location":"assets/arms/armLeft05_Shadow.png","index":2}],"useColourHue":true,"dependencies":["aa6ddb5c-0148-408d-9375-3647a426c789"],"defaultItem":true},{"id":"eb00e915-3aea-45c5-a24f-0b36b6d1a460","name":"armLeft06","targetAnchor":"armLeft","positionOffset":[-35.0,0.0],"snapRange":[100.0,100.0],"menuScale":0.75,"dragScale":2.0,"targetScale":1.0,"zOrder":-1,"categoryId":"cd6cc236-cefe-4665-a0d3-c07edd95f632","iconFilename":"assets/arms/Oomee_Arms_Blue.png","assetSet":[{"tag":"base","location":"assets/arms/armLeft06_Solid.png","index":0},{"tag":"gradient","location":"assets/arms/armLeft06_Gradient.png","index":1},{"tag":"highlight","location":"assets/arms/armLeft06_Bottom.png","index":2}],"useColourHue":true,"dependencies":["5ca5f6b7-6232-4ef1-a376-43661ab85171"],"defaultItem":true},{"id":"4c15b916-582c-4c38-84fa-69728b485e5e","name":"armLeft07","targetAnchor":"armLeft","positionOffset":[-35.0,0.0],"snapRange":[100.0,100.0],"menuScale":0.75,"dragScale":2.0,"targetScale":1.0,"zOrder":-1,"categoryId":"cd6cc236-cefe-4665-a0d3-c07edd95f632","iconFilename":"assets/arms/ArmsGreen.png","assetSet":[{"tag":"base","location":"assets/arms/armLeft07_Solid.png","index":0},{"tag":"gradient","location":"assets/arms/armLeft07_Gradient.png","index":1},{"tag":"shadowLight","location":"assets/arms/armLeft07_Bottom.png","index":2},{"tag":"highlight","location":"assets/arms/armLeft07_Top.png","index":3}],"useColourHue":true,"dependencies":["0e1bc12a-8a56-4650-8424-d0751ee6c68a"],"defaultItem":true},{"id":"da78e529-3c5a-4ba0-882d-96ba3783cedd","name":"armLeft08","targetAnchor":"armLeft","positionOffset":[-35.0,0.0],"snapRange":[100.0,100.0],"menuScale":0.75,"dragScale":2.0,"targetScale":1.0,"zOrder":-1,"categoryId":"cd6cc236-cefe-4665-a0d3-c07edd95f632","iconFilename":"assets/arms/Oomee_Arms_Red.png","assetSet":[{"tag":"base","location":"assets/arms/armLeft08_Solid.png","index":0},{"tag":"gradient","location":"assets/arms/armLeft08_Gradient.png","index":1}],"useColourHue":true,"dependencies":["86649731-665a-4d58-bc83-c620b9b63a06"],"defaultItem":true},{"id":"0cd5bae0-aa5f-4c22-ba4a-474060bc09ba","name":"hat21","targetAnchor":"head","positionOffset":[0.0,-40.0],"snapRange":[100.0,100.0],"menuScale":0.8,"dragScale":2.0,"targetScale":1.0,"zOrder":6,"categoryId":"9aef4ca0-672f-4a6d-ae75-3dcc29b7eb62","iconFilename":"assets/accessories/Hat21.png","assetSet":[{"tag":"base","location":"assets/accessories/Hat21.png","index":0}],"useColourHue":false,"defaultItem":true},{"id":"f028910f-9713-458e-8f6c-c0298175288e","name":"armLeft10","targetAnchor":"armLeft","positionOffset":[-20.0,-30.0],"snapRange":[100.0,100.0],"menuScale":0.75,"dragScale":2.0,"targetScale":1.0,"zOrder":5,"categoryId":"cd6cc236-cefe-4665-a0d3-c07edd95f632","iconFilename":"assets/arms/ArmsAqua.png","assetSet":[{"tag":"base","location":"assets/arms/armLeft10_Solid.png","index":0},{"tag":"gradient","location":"assets/arms/armLeft10_Gradient.png","index":1},{"tag":"shadowLight","location":"assets/arms/armLeft10_Top.png","index":2},{"tag":"shadow","location":"assets/arms/armLeft10_Bottom.png","index":3}],"useColourHue":true,"dependencies":["32a92a2b-9674-49fd-a41c-a49c3526fb8c"],"defaultItem":true},{"id":"de136a78-3d8e-4fdc-9916-5d5c0f2cefe9","name":"armLeft09","targetAnchor":"armLeft","positionOffset":[40.0,-20.0],"snapRange":[100.0,100.0],"menuScale":0.75,"dragScale":2.0,"targetScale":1.0,"zOrder":5,"categoryId":"cd6cc236-cefe-4665-a0d3-c07edd95f632","iconFilename":"assets/arms/ArmsBlack.png","assetSet":[{"tag":"none","location":"assets/arms/ClawsBlackLeft.png","index":0},{"tag":"base","location":"assets/arms/armLeft09_Solid.png","index":1},{"tag":"gradient","location":"assets/arms/armLeft09_Gradient.png","index":2},{"tag":"highlight","location":"assets/arms/armLeft09_Highlight.png","index":3}],"useColourHue":true,"dependencies":["132a3f27-d357-41ab-84cf-cfa6dc1c7750"],"defaultItem":true},{"id":"6945a82c-3dbb-4479-8f60-85c7756e385f","name":"hat22","targetAnchor":"head","positionOffset":[0.0,-110.0],"snapRange":[100.0,100.0],"menuScale":0.8,"dragScale":2.0,"targetScale":1.0,"zOrder":6,"categoryId":"9aef4ca0-672f-4a6d-ae75-3dcc29b7eb62","iconFilename":"assets/accessories/Hat22.png","assetSet":[{"tag":"base","location":"assets/accessories/Hat22.png","index":0}],"useColourHue":false,"defaultItem":true},{"id":"b26d0904-fcb4-4237-9d27-8011a1410e73","name":"hat23","targetAnchor":"head","positionOffset":[0.0,-100.0],"snapRange":[100.0,100.0],"menuScale":0.8,"dragScale":2.0,"targetScale":1.0,"zOrder":6,"categoryId":"9aef4ca0-672f-4a6d-ae75-3dcc29b7eb62","iconFilename":"assets/accessories/Hat23.png","assetSet":[{"tag":"base","location":"assets/accessories/Hat23.png","index":0}],"useColourHue":false,"defaultItem":true},{"id":"9d09b63e-ace3-4ab8-be3e-fe926e9416b8","name":"hat24","targetAnchor":"head","positionOffset":[0.0,-110.0],"snapRange":[100.0,100.0],"menuScale":0.8,"dragScale":2.0,"targetScale":1.0,"zOrder":6,"categoryId":"9aef4ca0-672f-4a6d-ae75-3dcc29b7eb62","iconFilename":"assets/accessories/Hat24.png","assetSet":[{"tag":"base","location":"assets/accessories/Hat24.png","index":0}],"useColourHue":false,"defaultItem":true},{"id":"a31969d9-41dd-4281-8b1b-07d6101358be","name":"cape01","targetAnchor":"toy","positionOffset":[0.0,0.0],"snapRange":[100.0,100.0],"menuScale":1.0,"dragScale":2.0,"targetScale":1.0,"zOrder":-1,"categoryId":"e94d07a4-951c-44d5-ac7e-1eb5927a14c1","iconFilename":"assets/accessories/Cape1.png","assetSet":[{"tag":"base","location":"assets/accessories/Cape1.png","index":0}],"useColourHue":false,"defaultItem":true},{"id":"6cf0f9af-d751-4ff9-b6e2-b9db5027d942","name":"armLeft02","targetAnchor":"armLeft","positionOffset":[-35.0,0.0],"snapRange":[100.0,100.0],"menuScale":0.75,"dragScale":2.0,"targetScale":1.0,"zOrder":-1,"categoryId":"cd6cc236-cefe-4665-a0d3-c07edd95f632","iconFilename":"assets/arms/Oomee_Arms_Pink.png","assetSet":[{"tag":"base","location":"assets/arms/armLeft02_Solid.png","index":0},{"tag":"gradient","location":"assets/arms/armLeft02_Gradient.png","index":1}],"useColourHue":true,"dependencies":["0f6fb030-9e18-4c9a-a8bc-03b59fa4f11b"],"defaultItem":true},{"id":"4a679116-4865-416a-b7d1-cc2f4229ed91","name":"armLeft14","targetAnchor":"armLeft","positionOffset":[-35.0,0.0],"snapRange":[100.0,100.0],"menuScale":0.75,"dragScale":2.0,"targetScale":1.0,"zOrder":-1,"categoryId":"cd6cc236-cefe-4665-a0d3-c07edd95f632","iconFilename":"assets/arms/ArmsDarkPink2.png","assetSet":[{"tag":"base","location":"assets/arms/armLeft14_Solid.png","index":0},{"tag":"gradient","location":"assets/arms/armLeft14_Gradient.png","index":1}],"useColourHue":true,"dependencies":["5881272c-4757-4126-8d31-ea0000015d62"],"defaultItem":true},{"id":"7ab58578-d731-4bd4-805d-a81105115edc","name":"armLeft15","targetAnchor":"armLeft","positionOffset":[-35.0,0.0],"snapRange":[100.0,100.0],"menuScale":0.75,"dragScale":2.0,"targetScale":1.0,"zOrder":-1,"categoryId":"cd6cc236-cefe-4665-a0d3-c07edd95f632","iconFilename":"assets/arms/ArmsDarkPink3.png","assetSet":[{"tag":"base","location":"assets/arms/armLeft15_Solid.png","index":0},{"tag":"gradient","location":"assets/arms/armLeft15_Gradient.png","index":1}],"useColourHue":true,"dependencies":["6f7c1dc4-aed0-435d-bd22-2a79403d65df"],"defaultItem":true},{"id":"56ebe870-474b-46b9-b2ab-dc796002b6b0","name":"armLeft16","targetAnchor":"armLeft","positionOffset":[0.0,-10.0],"snapRange":[100.0,100.0],"menuScale":0.75,"dragScale":2.0,"targetScale":1.0,"zOrder":-1,"categoryId":"cd6cc236-cefe-4665-a0d3-c07edd95f632","iconFilename":"assets/arms/ArmsOrange2.png","assetSet":[{"tag":"base","location":"assets/arms/armLeft16_Solid.png","index":0},{"tag":"gradient","location":"assets/arms/armLeft16_Gradient.png","index":1}],"useColourHue":true,"dependencies":["9fa90371-27cf-47c6-bf08-99feae624f24"],"defaultItem":true},{"id":"6889a56f-cb69-40e9-b1d9-9cc6085da778","name":"armLeft18","targetAnchor":"armLeft","positionOffset":[-35.0,-50.0],"snapRange":[100.0,100.0],"menuScale":0.75,"dragScale":2.0,"targetScale":1.0,"zOrder":-1,"categoryId":"cd6cc236-cefe-4665-a0d3-c07edd95f632","iconFilename":"assets/arms/ArmsBlack3.png","assetSet":[{"tag":"none","location":"assets/arms/ClawsBlackLeft3.png","index":0},{"tag":"base","location":"assets/arms/armLeft18_Solid.png","index":1},{"tag":"gradient","location":"assets/arms/armLeft18_Gradient.png","index":2}],"useColourHue":true,"dependencies":["06a7515a-7558-47d7-bc8f-929a69dadd72"],"defaultItem":true},{"id":"5aa3fa29-5101-4939-bc2c-ccfbe4887abe","name":"toy01","targetAnchor":"toy","positionOffset":[75.0,-5.0],"snapRange":[100.0,100.0],"menuScale":1.0,"dragScale":2.0,"targetScale":1.0,"zOrder":6,"categoryId":"e94d07a4-951c-44d5-ac7e-1eb5927a14c1","iconFilename":"assets/accessories/Toy1.5.png","assetSet":[{"tag":"base","location":"assets/accessories/Toy1.png","index":0}],"useColourHue":false,"dependencies":["4398df31-b283-431c-a8f4-b861758b1da6","f88ee9b0-af2d-430e-a2b1-7f690a0cedee"],"defaultItem":true},{"id":"c601815a-104b-44e8-904d-47926925bdcd","name":"armLeft17","targetAnchor":"armLeft","positionOffset":[-60.0,70.0],"snapRange":[100.0,100.0],"menuScale":0.75,"dragScale":2.0,"targetScale":1.0,"zOrder":-1,"categoryId":"cd6cc236-cefe-4665-a0d3-c07edd95f632","iconFilename":"assets/arms/ArmsBlack2.png","assetSet":[{"tag":"none","location":"assets/arms/ClawsBlackLeft2.png","index":0},{"tag":"base","location":"assets/arms/armLeft17_Solid.png","index":1},{"tag":"gradient","location":"assets/arms/armLeft17_Gradient.png","index":2}],"useColourHue":true,"dependencies":["6f4220d9-e163-4ec0-a23a-4afea9e5e1b4"],"defaultItem":true},{"id":"2c5b699a-d140-46be-a696-dc738cb8963c","name":"toy02","targetAnchor":"toy","positionOffset":[75.0,-5.0],"snapRange":[100.0,100.0],"menuScale":1.0,"dragScale":2.0,"targetScale":1.0,"zOrder":6,"categoryId":"e94d07a4-951c-44d5-ac7e-1eb5927a14c1","iconFilename":"assets/accessories/Toy2.5.png","assetSet":[{"tag":"base","location":"assets/accessories/Toy2.png","index":0}],"useColourHue":false,"dependencies":["4398df31-b283-431c-a8f4-b861758b1da6","f88ee9b0-af2d-430e-a2b1-7f690a0cedee"],"defaultItem":true},{"id":"a33edea2-68ad-4b59-9e1e-b797dcd2c47b","name":"toy03","targetAnchor":"toy","positionOffset":[0.0,15.0],"snapRange":[100.0,100.0],"menuScale":1.0,"dragScale":2.0,"targetScale":1.0,"zOrder":6,"categoryId":"e94d07a4-951c-44d5-ac7e-1eb5927a14c1","iconFilename":"assets/accessories/Toy3.png","assetSet":[{"tag":"base","location":"assets/accessories/Toy3.png","index":0}],"useColourHue":false,"dependencies":["fed7bb82-d84f-4c73-a3e9-59749ac64a0b","bf0f9651-6ae2-45be-b3a2-8d3a85d5019f"],"defaultItem":true},{"id":"d1435c39-0511-446c-9979-9c5e7505828f","name":"toy04","targetAnchor":"toy","positionOffset":[0.0,-30.0],"snapRange":[100.0,100.0],"menuScale":1.0,"dragScale":2.0,"targetScale":1.0,"zOrder":6,"categoryId":"e94d07a4-951c-44d5-ac7e-1eb5927a14c1","iconFilename":"assets/accessories/Toy4.png","assetSet":[{"tag":"base","location":"assets/accessories/Toy4.png","index":0}],"useColourHue":false,"dependencies":["fed7bb82-d84f-4c73-a3e9-59749ac64a0b","bf0f9651-6ae2-45be-b3a2-8d3a85d5019f"],"defaultItem":true},{"id":"1a70900e-f5c4-4e45-b129-d836241fa7db","name":"toy05","targetAnchor":"toy","positionOffset":[0.0,15.0],"snapRange":[100.0,100.0],"menuScale":1.0,"dragScale":2.0,"targetScale":1.0,"zOrder":6,"categoryId":"e94d07a4-951c-44d5-ac7e-1eb5927a14c1","iconFilename":"assets/accessories/Toy5.png","assetSet":[{"tag":"base","location":"assets/accessories/Toy5.png","index":0}],"useColourHue":false,"dependencies":["fed7bb82-d84f-4c73-a3e9-59749ac64a0b","bf0f9651-6ae2-45be-b3a2-8d3a85d5019f"],"defaultItem":true},{"id":"ec91ee1f-acdc-41ce-a3ff-8236e576f9e8","name":"toy06","targetAnchor":"toy","positionOffset":[-250.0,45.0],"snapRange":[100.0,100.0],"menuScale":1.0,"dragScale":2.0,"targetScale":1.0,"zOrder":6,"categoryId":"e94d07a4-951c-44d5-ac7e-1eb5927a14c1","iconFilename":"assets/accessories/Toy6.png","assetSet":[{"tag":"base","location":"assets/accessories/Toy6.png","index":0}],"useColourHue":false,"dependencies":["d3017e46-ee87-454b-bc75-f39d556e472a","0f38f3ba-bc8d-4607-a83b-d56e94c6397c"],"defaultItem":true},{"id":"e69f1c79-956f-4e93-8c52-7af4d4582c7f","name":"toy07","targetAnchor":"toy","positionOffset":[250.0,130.0],"snapRange":[100.0,100.0],"menuScale":1.0,"dragScale":2.0,"targetScale":1.0,"zOrder":6,"categoryId":"e94d07a4-951c-44d5-ac7e-1eb5927a14c1","iconFilename":"assets/accessories/Toy7.png","assetSet":[{"tag":"base","location":"assets/accessories/Toy7.png","index":0}],"useColourHue":false,"dependencies":["4a679116-4865-416a-b7d1-cc2f4229ed91","5881272c-4757-4126-8d31-ea0000015d62"],"defaultItem":true},{"id":"4398df31-b283-431c-a8f4-b861758b1da6","name":"armLeft12","targetAnchor":"armLeft","positionOffset":[14.0,-10.0],"snapRange":[100.0,100.0],"menuScale":0.75,"dragScale":2.0,"targetScale":1.0,"zOrder":5,"categoryId":"cd6cc236-cefe-4665-a0d3-c07edd95f632","iconFilename":"assets/arms/ArmsYellow2.png","assetSet":[{"tag":"base","location":"assets/arms/armLeft12_Solid.png","index":1},{"tag":"gradient","location":"assets/arms/armLeft12_Gradient.png","index":2},{"tag":"shadowLight","location":"assets/arms/armLeft12_Shadow.png","index":0}],"useColourHue":true,"dependencies":["f88ee9b0-af2d-430e-a2b1-7f690a0cedee"],"defaultItem":true},{"id":"0f38f3ba-bc8d-4607-a83b-d56e94c6397c","name":"armRight04","targetAnchor":"armRight","positionOffset":[50.0,-10.0],"snapRange":[100.0,100.0],"menuScale":0.75,"dragScale":2.0,"targetScale":1.0,"zOrder":-1,"categoryId":"17c98874-53aa-45c8-b6f5-cf6681da6445","iconFilename":"assets/arms/Oomee_Arms_Purple.png","assetSet":[{"tag":"base","location":"assets/arms/armRight04_Solid.png","index":0},{"tag":"gradient","location":"assets/arms/armRight04_Gradient.png","index":1},{"tag":"shadowLight","location":"assets/arms/armRight04_Shadow_Bottom.png","index":2},{"tag":"highlight","location":"assets/arms/armRight04_Shadow_Top.png","index":3}],"useColourHue":true,"dependencies":["d3017e46-ee87-454b-bc75-f39d556e472a"],"defaultItem":true},{"id":"c957ef49-36e0-4a5f-9b74-6baef70d1329","name":"armLeft11","targetAnchor":"armLeft","positionOffset":[5.0,0.0],"snapRange":[100.0,100.0],"menuScale":0.75,"dragScale":2.0,"targetScale":1.0,"zOrder":-1,"categoryId":"cd6cc236-cefe-4665-a0d3-c07edd95f632","iconFilename":"assets/arms/ArmsLightRed.png","assetSet":[{"tag":"base","location":"assets/arms/armLeft11_Solid.png","index":0},{"tag":"gradient","location":"assets/arms/armLeft11_Gradient.png","index":1},{"tag":"shadowLight","location":"assets/arms/armLeft11_Shadow.png","index":2},{"tag":"shadow","location":"assets/arms/armLeft11_ShadowGradient.png","index":3}],"useColourHue":true,"dependencies":["1b5a1fac-6c40-4892-8a0a-0466b0bb2402"],"defaultItem":true},{"id":"6f7c1dc4-aed0-435d-bd22-2a79403d65df","name":"armRight15","targetAnchor":"armRight","positionOffset":[35.0,0.0],"snapRange":[100.0,100.0],"menuScale":0.75,"dragScale":2.0,"targetScale":1.0,"zOrder":-1,"categoryId":"17c98874-53aa-45c8-b6f5-cf6681da6445","iconFilename":"assets/arms/ArmsDarkPink3.png","assetSet":[{"tag":"base","location":"assets/arms/armRight15_Solid.png","index":0},{"tag":"gradient","location":"assets/arms/armRight15_Gradient.png","index":1}],"useColourHue":true,"dependencies":["7ab58578-d731-4bd4-805d-a81105115edc"],"defaultItem":true},{"id":"6f4220d9-e163-4ec0-a23a-4afea9e5e1b4","name":"armRight17","targetAnchor":"armRight","positionOffset":[10.0,-40.0],"snapRange":[100.0,100.0],"menuScale":0.75,"dragScale":2.0,"targetScale":1.0,"zOrder":5,"categoryId":"17c98874-53aa-45c8-b6f5-cf6681da6445","iconFilename":"assets/arms/ArmsBlack2.png","assetSet":[{"tag":"none","location":"assets/arms/ClawsBlackRight2.png","index":0},{"tag":"base","location":"assets/arms/armRight17_Solid.png","index":1},{"tag":"gradient","location":"assets/arms/armRight17_Gradient.png","index":2}],"useColourHue":true,"dependencies":["c601815a-104b-44e8-904d-47926925bdcd"],"defaultItem":true},{"id":"1a58d41b-e12f-4c8c-8bb0-c9b482158c44","name":"face05","targetAnchor":"face","positionOffset":[0.0,0.0],"snapRange":[100.0,100.0],"menuScale":1.0,"dragScale":2.0,"targetScale":1.0,"zOrder":4,"categoryId":"0cccbe10-f5a6-454a-ba93-b032a24cc3a2","iconFilename":"assets/faces/Eyes_Mouth_Black.png","assetSet":[{"tag":"shadowEyes","location":"assets/faces/Eyes_Shadow.png","index":0},{"tag":"none","location":"assets/faces/Eyes_Mouth_Black.png","index":1}],"useColourHue":true,"defaultItem":true},{"id":"4e030bd2-7491-4883-bec4-fd01374ebb60","name":"toy08","targetAnchor":"toy","positionOffset":[220.0,40.0],"snapRange":[100.0,100.0],"menuScale":1.0,"dragScale":2.0,"targetScale":1.0,"zOrder":6,"categoryId":"e94d07a4-951c-44d5-ac7e-1eb5927a14c1","iconFilename":"assets/accessories/Toy8.png","assetSet":[{"tag":"base","location":"assets/accessories/Toy8.png","index":0}],"useColourHue":false,"dependencies":["7ab58578-d731-4bd4-805d-a81105115edc","6f7c1dc4-aed0-435d-bd22-2a79403d65df"],"defaultItem":true},{"id":"b0e6ee7a-22c9-4964-856c-2362cdd8ab87","name":"ears12","targetAnchor":"ears","positionOffset":[-60.0,25.0],"snapRange":[100.0,100.0],"menuScale":1.0,"dragScale":2.0,"targetScale":1.0,"zOrder":-1,"categoryId":"f100cb34-47ba-4eda-b592-55f85a11dfd1","iconFilename":"assets/ears/OrangeAntenna2.png","assetSet":[{"tag":"base","location":"assets/ears/ear12_Bottom.png","index":1},{"tag":"highlight","location":"assets/ears/ear12_Solid.png","index":0},{"tag":"gloss","location":"assets/ears/ear12_Top.png","index":2}],"useColourHue":true,"defaultItem":true},{"id":"bf1c5b10-2f2a-4731-bce7-bf5eeeba81ac","name":"face09","targetAnchor":"face","positionOffset":[0.0,0.0],"snapRange":[100.0,100.0],"menuScale":1.0,"dragScale":2.0,"targetScale":1.0,"zOrder":4,"categoryId":"0cccbe10-f5a6-454a-ba93-b032a24cc3a2","iconFilename":"assets/faces/EyesMouthBlack02.png","assetSet":[{"tag":"shadowEyes","location":"assets/faces/EyesShadow05.png","index":0},{"tag":"none","location":"assets/faces/EyesMouthBlack02.png","index":1}],"useColourHue":true,"defaultItem":true},{"id":"63a70248-5fe9-4e63-b721-492d97512497","name":"hat01","targetAnchor":"head","positionOffset":[0.0,0.0],"snapRange":[100.0,100.0],"menuScale":0.75,"dragScale":2.0,"targetScale":1.0,"zOrder":6,"categoryId":"9aef4ca0-672f-4a6d-ae75-3dcc29b7eb62","iconFilename":"assets/accessories/Hat1.png","assetSet":[{"tag":"base","location":"assets/accessories/Hat1.png","index":0}],"useColourHue":false,"defaultItem":true},{"id":"d7e3ff0a-7666-498e-a6f2-16bb802e1775","name":"ears02","targetAnchor":"ears","positionOffset":[0.0,-45.0],"snapRange":[100.0,100.0],"menuScale":1.0,"dragScale":2.0,"targetScale":1.0,"zOrder":-1,"categoryId":"f100cb34-47ba-4eda-b592-55f85a11dfd1","iconFilename":"assets/ears/Oomee_Ears_Blue.png","assetSet":[{"tag":"faceGradient","location":"assets/ears/ear02_Solid.png","index":0},{"tag":"shadowLight","location":"assets/ears/ear02_Gradient.png","index":1}],"useColourHue":true,"defaultItem":true},{"id":"0cd2091d-a666-4b60-87ca-1c61d8133c2a","name":"ears03","targetAnchor":"ears","positionOffset":[0.0,-20.0],"snapRange":[100.0,100.0],"menuScale":1.0,"dragScale":2.0,"targetScale":1.0,"zOrder":-1,"categoryId":"f100cb34-47ba-4eda-b592-55f85a11dfd1","iconFilename":"assets/ears/EarsRed.png","assetSet":[{"tag":"base","location":"assets/ears/ear03_Solid.png","index":0},{"tag":"gradient","location":"assets/ears/ear03_Gradient.png","index":1}],"useColourHue":true,"defaultItem":true},{"id":"d9f6a9b9-fc21-475d-89b5-b11778b5981e","name":"ears05","targetAnchor":"ears","positionOffset":[0.0,-45.0],"snapRange":[100.0,100.0],"menuScale":1.0,"dragScale":2.0,"targetScale":1.0,"zOrder":-1,"categoryId":"f100cb34-47ba-4eda-b592-55f85a11dfd1","iconFilename":"assets/ears/EarsAqua.png","assetSet":[{"tag":"base","location":"assets/ears/ear05_Solid.png","index":0},{"tag":"shadow","location":"assets/ears/ear05_Dark.png","index":1},{"tag":"gloss","location":"assets/ears/ear05_Top.png","index":2}],"useColourHue":true,"defaultItem":true},{"id":"c233f08f-c9a3-432c-97a1-9ba56b145890","name":"ears06","targetAnchor":"ears","positionOffset":[0.0,-15.0],"snapRange":[100.0,100.0],"menuScale":1.0,"dragScale":2.0,"targetScale":1.0,"zOrder":-1,"categoryId":"f100cb34-47ba-4eda-b592-55f85a11dfd1","iconFilename":"assets/ears/EarsLightRed.png","assetSet":[{"tag":"base","location":"assets/ears/ear06_Solid.png","index":0},{"tag":"gradient","location":"assets/ears/ear06_Gradient.png","index":1},{"tag":"highlight","location":"assets/ears/ear06_Top.png","index":2}],"useColourHue":true,"defaultItem":true},{"id":"670fdf0f-900b-40ca-8853-a1432a89c666","name":"ears07","targetAnchor":"ears","positionOffset":[0.0,30.0],"snapRange":[100.0,100.0],"menuScale":1.0,"dragScale":2.0,"targetScale":1.0,"zOrder":-1,"categoryId":"f100cb34-47ba-4eda-b592-55f85a11dfd1","iconFilename":"assets/ears/EarsYellow2.png","assetSet":[{"tag":"base","location":"assets/ears/ear07_Solid.png","index":0},{"tag":"gradient","location":"assets/ears/ear07_Gradient.png","index":1}],"useColourHue":true,"defaultItem":true},{"id":"e0540b87-1dbe-48a5-9dfa-17c2244d04c0","name":"ears08","targetAnchor":"ears","positionOffset":[0.0,25.0],"snapRange":[100.0,100.0],"menuScale":1.0,"dragScale":2.0,"targetScale":1.0,"zOrder":-1,"categoryId":"f100cb34-47ba-4eda-b592-55f85a11dfd1","iconFilename":"assets/ears/EarsYellow3.png","assetSet":[{"tag":"base","location":"assets/ears/ear08_Solid.png","index":0},{"tag":"gradient","location":"assets/ears/ear08_Gradient.png","index":1},{"tag":"highlight","location":"assets/ears/ear08_Highlight.png","index":2}],"useColourHue":true,"defaultItem":true},{"id":"5f5fc5b0-6ab2-45eb-9200-934f2df3fbd3","name":"ears09","targetAnchor":"ears","positionOffset":[0.0,15.0],"snapRange":[100.0,100.0],"menuScale":1.0,"dragScale":2.0,"targetScale":1.0,"zOrder":-1,"categoryId":"f100cb34-47ba-4eda-b592-55f85a11dfd1","iconFilename":"assets/ears/PinkAntena2.png","assetSet":[{"tag":"base","location":"assets/ears/ear09_Solid.png","index":0},{"tag":"gradient","location":"assets/ears/ear09_Gradient.png","index":1},{"tag":"highlight","location":"assets/ears/ear09_Top.png","index":2}],"useColourHue":true,"defaultItem":true},{"id":"c255ded7-0de8-45d1-b3a6-0a10d6d904a4","name":"ears10","targetAnchor":"ears","positionOffset":[0.0,-70.0],"snapRange":[100.0,100.0],"menuScale":1.0,"dragScale":2.0,"targetScale":1.0,"zOrder":-1,"categoryId":"f100cb34-47ba-4eda-b592-55f85a11dfd1","iconFilename":"assets/ears/EarsDarkPink.png","assetSet":[{"tag":"base","location":"assets/ears/ear10_Solid.png","index":0},{"tag":"highlight","location":"assets/ears/ear10_Top.png","index":1}],"useColourHue":true,"defaultItem":true},{"id":"6f178664-ea28-469e-8eaf-d22befd5930f","name":"ears11","targetAnchor":"ears","positionOffset":[0.0,40.0],"snapRange":[100.0,100.0],"menuScale":1.0,"dragScale":2.0,"targetScale":1.0,"zOrder":-1,"categoryId":"f100cb34-47ba-4eda-b592-55f85a11dfd1","iconFilename":"assets/ears/PurpleAntenna2.png","assetSet":[{"tag":"base","location":"assets/ears/ear11_Solid.png","index":0}],"useColourHue":true,"defaultItem":true},{"id":"b37dc548-7db8-4baa-9fd5-182433e2ef35","name":"ears16","targetAnchor":"ears","positionOffset":[0.0,15.0],"snapRange":[100.0,100.0],"menuScale":1.0,"dragScale":2.0,"targetScale":1.0,"zOrder":-1,"categoryId":"f100cb34-47ba-4eda-b592-55f85a11dfd1","iconFilename":"assets/ears/EarsRed2.png","assetSet":[{"tag":"base","location":"assets/ears/ear16_Solid.png","index":0},{"tag":"highlight","location":"assets/ears/ear16_Top.png","index":1}],"useColourHue":true,"defaultItem":true},{"id":"f684413b-a77b-4619-82e3-2c5200c9d242","name":"ears18","targetAnchor":"ears","positionOffset":[0.0,0.0],"snapRange":[100.0,100.0],"menuScale":1.0,"dragScale":2.0,"targetScale":1.0,"zOrder":-1,"categoryId":"f100cb34-47ba-4eda-b592-55f85a11dfd1","iconFilename":"assets/ears/EarsLightRed2.png","assetSet":[{"tag":"base","location":"assets/ears/ear18_Solid.png","index":0}],"useColourHue":true,"defaultItem":true},{"id":"53acd5b7-d9d4-4cf3-b2bd-d763cf7581b9","name":"antenna01","targetAnchor":"ears","positionOffset":[0.0,25.0],"snapRange":[100.0,100.0],"menuScale":1.0,"dragScale":2.0,"targetScale":1.0,"zOrder":-1,"categoryId":"f100cb34-47ba-4eda-b592-55f85a11dfd1","iconFilename":"assets/hair/antenna_Pink.png","assetSet":[{"tag":"base","location":"assets/hair/antenna01_Solid.png","index":0},{"tag":"gradient","location":"assets/hair/antenna01_Gradient.png","index":1}],"useColourHue":true,"defaultItem":true},{"id":"2632244c-6fdc-4c36-9d40-fe954466ef98","name":"antenna02","targetAnchor":"ears","positionOffset":[0.0,0.0],"snapRange":[100.0,100.0],"menuScale":1.0,"dragScale":2.0,"targetScale":1.0,"zOrder":-1,"categoryId":"f100cb34-47ba-4eda-b592-55f85a11dfd1","iconFilename":"assets/hair/antenna_DarkPink.png","assetSet":[{"tag":"base","location":"assets/hair/antenna02.png","index":0}],"useColourHue":true,"defaultItem":true},{"id":"3668de44-d4a6-4448-aca5-41490b92d91d","name":"ears15","targetAnchor":"ears","positionOffset":[0.0,-60.0],"snapRange":[100.0,100.0],"menuScale":1.0,"dragScale":2.0,"targetScale":1.0,"zOrder":-1,"categoryId":"f100cb34-47ba-4eda-b592-55f85a11dfd1","iconFilename":"assets/ears/EarsGreen.png","assetSet":[{"tag":"base","location":"assets/ears/ear15_Solid.png","index":0},{"tag":"gradient","location":"assets/ears/ear15_Gradient.png","index":1},{"tag":"highlight","location":"assets/ears/ear15_Top.png","index":3},{"tag":"none","location":"assets/ears/EarsGreen.2.png","index":2}],"useColourHue":true,"defaultItem":true}]}