{
	"items":
[
	{
		"id": "trousers01",
		"targetAnchor": "legs",
		"offset": [0.0,0.0],
		"snapRange": [100.0,100.0],
		"menuScale": 1.0,
		"dragScale": 2.0,
		"targetScale": 1.0,
		"zOrder": 4,
		"categoryId": "trousers",
		"assetFilename": "assets/trousers/trousers_01.png"
	},
	{
		"id": "trousers02",
		"targetAnchor": "legs",
		"offset": [0.0,0.0],
		"snapRange": [100.0,100.0],
		"menuScale": 1.0,
		"dragScale": 2.0,
		"targetScale": 1.0,
		"zOrder": 4,
		"categoryId": "trousers",
		"assetFilename": "assets/trousers/trousers_02.png"
	},
	{
		"id": "trousers03",
		"targetAnchor": "legs",
		"offset": [0.0,0.0],
		"snapRange": [100.0,100.0],
		"menuScale": 1.0,
		"dragScale": 2.0,
		"targetScale": 1.0,
		"zOrder": 4,
		"categoryId": "trousers",
		"assetFilename": "assets/trousers/trousers_03.png"
	},
	{
		"id": "trousers04",
		"targetAnchor": "legs",
		"offset": [0.0,0.0],
		"snapRange": [100.0,100.0],
		"menuScale": 1.0,
		"dragScale": 2.0,
		"targetScale": 1.0,
		"zOrder": 4,
		"categoryId": "trousers",
		"assetFilename": "assets/trousers/trousers_04.png"
	},
	{
		"id": "trousers05",
		"targetAnchor": "legs",
		"offset": [0.0,0.0],
		"snapRange": [100.0,100.0],
		"menuScale": 1.0,
		"dragScale": 2.0,
		"targetScale": 1.0,
		"zOrder": 4,
		"categoryId": "trousers",
		"assetFilename": "assets/trousers/trousers_05.png"
	},
	{
		"id": "trousers06",
		"targetAnchor": "legs",
		"offset": [0.0,0.0],
		"snapRange": [100.0,100.0],
		"menuScale": 1.0,
		"dragScale": 2.0,
		"targetScale": 1.0,
		"zOrder": 4,
		"categoryId": "trousers",
		"assetFilename": "assets/trousers/trousers_06.png"
	},
	{
		"id": "trousers07",
		"targetAnchor": "legs",
		"offset": [0.0,0.0],
		"snapRange": [100.0,100.0],
		"menuScale": 1.0,
		"dragScale": 2.0,
		"targetScale": 1.0,
		"zOrder": 4,
		"categoryId": "trousers",
		"assetFilename": "assets/trousers/trousers_07.png"
	},
	{
		"id": "trousers08",
		"targetAnchor": "legs",
		"offset": [0.0,0.0],
		"snapRange": [100.0,100.0],
		"menuScale": 1.0,
		"dragScale": 2.0,
		"targetScale": 1.0,
		"zOrder": 4,
		"categoryId": "trousers",
		"assetFilename": "assets/trousers/trousers_08.png"
	},
	{
		"id": "trousers09",
		"targetAnchor": "legs",
		"offset": [0.0,0.0],
		"snapRange": [100.0,100.0],
		"menuScale": 1.0,
		"dragScale": 2.0,
		"targetScale": 1.0,
		"zOrder": 4,
		"categoryId": "trousers",
		"assetFilename": "assets/trousers/trousers_09.png"
	},
	{
		"id": "trousers10",
		"targetAnchor": "legs",
		"offset": [0.0,0.0],
		"snapRange": [100.0,100.0],
		"menuScale": 1.0,
		"dragScale": 2.0,
		"targetScale": 1.0,
		"zOrder": 4,
		"categoryId": "trousers",
		"assetFilename": "assets/trousers/trousers_10.png"
	},
	{
		"id": "trousers12",
		"targetAnchor": "legs",
		"offset": [0.0,0.0],
		"snapRange": [100.0,100.0],
		"menuScale": 1.0,
		"dragScale": 2.0,
		"targetScale": 1.0,
		"zOrder": 4,
		"categoryId": "trousers",
		"assetFilename": "assets/trousers/trousers_12.png"
	},
	{
		"id": "trousers13",
		"targetAnchor": "legs",
		"offset": [0.0,0.0],
		"snapRange": [100.0,100.0],
		"menuScale": 1.0,
		"dragScale": 2.0,
		"targetScale": 1.0,
		"zOrder": 4,
		"categoryId": "trousers",
		"assetFilename": "assets/trousers/trousers_13.png"
	},
	{
		"id": "trousers14",
		"targetAnchor": "legs",
		"offset": [0.0,0.0],
		"snapRange": [100.0,100.0],
		"menuScale": 1.0,
		"dragScale": 2.0,
		"targetScale": 1.0,
		"zOrder": 4,
		"categoryId": "trousers",
		"assetFilename": "assets/trousers/trousers_14.png"
	},
	{
		"id": "trousers15",
		"targetAnchor": "legs",
		"offset": [0.0,0.0],
		"snapRange": [100.0,100.0],
		"menuScale": 1.0,
		"dragScale": 2.0,
		"targetScale": 1.0,
		"zOrder": 4,
		"categoryId": "trousers",
		"assetFilename": "assets/trousers/trousers_15.png"
	},
	{
		"id": "trousers16",
		"targetAnchor": "legs",
		"offset": [0.0,0.0],
		"snapRange": [100.0,100.0],
		"menuScale": 1.0,
		"dragScale": 2.0,
		"targetScale": 1.0,
		"zOrder": 4,
		"categoryId": "trousers",
		"assetFilename": "assets/trousers/trousers_16.png"
	},
	{
		"id": "trousers17",
		"targetAnchor": "legs",
		"offset": [0.0,0.0],
		"snapRange": [100.0,100.0],
		"menuScale": 1.0,
		"dragScale": 2.0,
		"targetScale": 1.0,
		"zOrder": 4,
		"categoryId": "trousers",
		"assetFilename": "assets/trousers/trousers_17.png"
	},
	{
		"id": "trousers18",
		"targetAnchor": "legs",
		"offset": [0.0,0.0],
		"snapRange": [100.0,100.0],
		"menuScale": 1.0,
		"dragScale": 2.0,
		"targetScale": 1.0,
		"zOrder": 4,
		"categoryId": "trousers",
		"assetFilename": "assets/trousers/trousers_18.png"
	},
	{
		"id": "trousers19",
		"targetAnchor": "legs",
		"offset": [0.0,0.0],
		"snapRange": [100.0,100.0],
		"menuScale": 1.0,
		"dragScale": 2.0,
		"targetScale": 1.0,
		"zOrder": 4,
		"categoryId": "trousers",
		"assetFilename": "assets/trousers/trousers_19.png"
	},
	{
		"id": "trousers20",
		"targetAnchor": "legs",
		"offset": [0.0,0.0],
		"snapRange": [100.0,100.0],
		"menuScale": 1.0,
		"dragScale": 2.0,
		"targetScale": 1.0,
		"zOrder": 4,
		"categoryId": "trousers",
		"assetFilename": "assets/trousers/trousers_20.png"
	}
]
}