{"oomees":[
{
	"id": "aqua",
	"anchorPoints": {
		"head": [0.5,0.85],
		"ears": [0.5,0.80],
		"face": [0.5,0.61],
		"eyes": [0.5,0.70],
		"neck": [0.5,0.3],
		"toy": [0.5,0.35],
		"armLeft": [0.2,0.4],
		"armRight": [0.8,0.4],
		"legs": [0.5,0.1]
	},
	"lockedAnchors": [
		"armLeft",
		"armRight",
		"face"
	],
	"defaultAccessories": [
		"armLeft10",
		"armRight10",
		"face06",
		"ears05"
	],
	"position": [0.44,0.5],
	"scale": 1.5,
	"sizeMultiplier": 1.0,
	"assetSet": [
		{
			"tag": "base",
			"location": "assets/baseOomee/Body_Solid.png",
			"index": 0
		},
		{
			"tag": "gradient",
			"location": "assets/baseOomee/Body_Gradient.png",
			"index": 1
		},
		{
			"tag": "shadow",
			"location": "assets/baseOomee/Body_Leg_Shadow.png",
			"index": 2
		},
		{
			"tag": "highlight",
			"location": "assets/aquaOomee/Aqua_Top_Shadow.png",
			"index": 3
		},
		{
			"tag": "face",
			"location": "assets/aquaOomee/Aqua_Face_Background.png",
			"index": 4
		}
	],
	"colours": {
			"base": [0,222,172,255],
			"gradient": [0,132,140,255],
			"shadow": [0,87,139,255],
			"shadowLight": [0,180,154,255],
			"shadowEyes": [70,187,171,255],
			"highlight": [0,255,209,255],
			"gloss": [102,246,216,255],
			"face": [117,237,210,255],
			"faceGradient": [117,237,210,255],
			"none": [0,0,0,255]
		}
},
{
	"id": "yellow",
	"anchorPoints": {
		"head": [0.5,0.85],
		"ears": [0.5,0.80],
		"face": [0.5,0.61],
		"eyes": [0.5,0.70],
		"neck": [0.5,0.3],
		"toy": [0.5,0.35],
		"armLeft": [0.2,0.4],
		"armRight": [0.8,0.4],
		"legs": [0.5,0.1]
	},
	"lockedAnchors": [
		"armLeft",
		"armRight",
		"face"
	],
	"defaultAccessories": [
		"armLeft01",
		"armRight01",
		"face01",
		"ears01"
	],
	"position": [0.44,0.5],
	"scale": 1.5,
	"sizeMultiplier": 1.0,
	"assetSet": [
		{
			"tag": "base",
			"location": "assets/baseOomee/Body_Solid.png",
			"index": 0
		},
		{
			"tag": "gradient",
			"location": "assets/baseOomee/Body_Gradient.png",
			"index": 1
		},
		{
			"tag": "shadow",
			"location": "assets/baseOomee/Body_Leg_Shadow.png",
			"index": 2
		},
		{
			"tag": "highlight",
			"location": "assets/baseOomee/Body_Top_Shadow.png",
			"index": 3
		},
		{
			"tag": "face",
			"location": "assets/baseOomee/Body_Face_Background.png",
			"index": 4
		}
	],
	"colours": {
			"base": [255,235,0,255],
			"gradient": [255,149,0,255],
			"shadow": [216,104,0,255],
			"shadowLight": [255,175,0,255],
			"shadowEyes": [233,207,97,255],
			"highlight": [255,234,0,255],
			"gloss": [255,245,128,255],
			"face": [255,245,128,255],
			"faceGradient": [255,245,128,255],
			"none": [0,0,0,255]
		}
},
{
	"id": "red",
	"anchorPoints": {
		"head": [0.5,0.85],
		"ears": [0.5,0.80],
		"face": [0.5,0.61],
		"eyes": [0.5,0.70],
		"neck": [0.5,0.3],
		"toy": [0.5,0.35],
		"armLeft": [0.2,0.4],
		"armRight": [0.8,0.4],
		"legs": [0.5,0.1]
	},
	"lockedAnchors": [
		"armLeft",
		"armRight",
		"face"
	],
	"defaultAccessories": [
		"armLeft08",
		"armRight08",
		"face04",
		"ears03"
	],
	"incompatableAccessories": [
		"face01",
		"face03",
		"face10",
		"face12"
	],
	"position": [0.44,0.5],
	"scale": 1.5,
	"sizeMultiplier": 1.0,
	"assetSet": [
		{
			"tag": "base",
			"location": "assets/baseOomee/Body_Solid.png",
			"index": 0
		},
		{
			"tag": "gradient",
			"location": "assets/baseOomee/Body_Gradient.png",
			"index": 1
		},
		{
			"tag": "shadow",
			"location": "assets/baseOomee/Body_Leg_Shadow.png",
			"index": 2
		},
		{
			"tag": "highlight",
			"location": "assets/baseOomee/Body_Top_Shadow.png",
			"index": 3
		},
		{
			"tag": "shadowLight",
			"location": "assets/redOomee/Red_Face_Shadow.png",
			"index": 4
		},
		{
			"tag": "face",
			"location": "assets/redOomee/Red_Face_Background.png",
			"index": 5
		}
	],
	"colours": {
			"base": [255,5,33,255],
			"gradient": [198,1,3,255],
			"shadow": [149,1,1,255],
			"shadowLight": [149,1,0,255],
			"shadowEyes": [61,17,21,255],
			"highlight": [255,73,99,255],
			"gloss": [255,212,225,255],
			"face": [89,26,30,255],
			"faceGradient": [89,26,30,255],
			"none": [0,0,0,255]
		}
},
{
	"id": "purple",
	"anchorPoints": {
		"head": [0.5,0.85],
		"ears": [0.5,0.80],
		"face": [0.5,0.61],
		"eyes": [0.5,0.70],
		"neck": [0.5,0.3],
		"toy": [0.5,0.35],
		"armLeft": [0.2,0.4],
		"armRight": [0.8,0.4],
		"legs": [0.5,0.1]
	},
	"lockedAnchors": [
		"armLeft",
		"armRight",
		"face"
	],
	"defaultAccessories": [
		"armLeft04",
		"armRight04",
		"face02",
		"antenna03"
	],
	"position": [0.44,0.5],
	"scale": 1.5,
	"sizeMultiplier": 1.0,
	"assetSet": [
		{
			"tag": "base",
			"location": "assets/baseOomee/Body_Solid.png",
			"index": 0
		},
		{
			"tag": "gradient",
			"location": "assets/baseOomee/Body_Gradient.png",
			"index": 1
		},
		{
			"tag": "shadow",
			"location": "assets/baseOomee/Body_Leg_Shadow.png",
			"index": 2
		},
		{
			"tag": "highlight",
			"location": "assets/purpleOomee/Purple_Top_Shadow.png",
			"index": 3
		},
		{
			"tag": "face",
			"location": "assets/purpleOomee/Purple_Face_Background.png",
			"index": 4
		}
	],
	"colours": {
			"base": [141,78,211,255],
			"gradient": [107,55,185,255],
			"shadow": [77,37,120,255],
			"shadowLight": [77,37,120,255],
			"shadowEyes": [160,96,205,255],
			"highlight": [181,101,224,255],
			"gloss": [208,145,145,255],
			"face": [174,122,226,255],
			"faceGradient": [174,122,226,255],
			"none": [0,0,0,255]
		}
},
{
	"id": "pink",
	"anchorPoints": {
		"head": [0.5,0.85],
		"ears": [0.5,0.80],
		"face": [0.5,0.61],
		"eyes": [0.5,0.70],
		"neck": [0.5,0.3],
		"toy": [0.5,0.35],
		"armLeft": [0.2,0.4],
		"armRight": [0.8,0.4],
		"legs": [0.5,0.1]
	},
	"lockedAnchors": [
		"armLeft",
		"armRight",
		"face"
	],
	"defaultAccessories": [
		"armLeft02",
		"armRight02",
		"face01",
		"antenna01"
	],
	"position": [0.44,0.5],
	"scale": 1.5,
	"sizeMultiplier": 1.0,
	"assetSet": [
		{
			"tag": "base",
			"location": "assets/baseOomee/Body_Solid.png",
			"index": 0
		},
		{
			"tag": "gradient",
			"location": "assets/baseOomee/Body_Gradient.png",
			"index": 1
		},
		{
			"tag": "shadow",
			"location": "assets/baseOomee/Body_Leg_Shadow.png",
			"index": 2
		},
		{
			"tag": "highlight",
			"location": "assets/baseOomee/Body_Top_Shadow.png",
			"index": 3
		},
		{
			"tag": "face",
			"location": "assets/baseOomee/Body_Face_Background.png",
			"index": 4
		}
	],
	"colours": {
			"base": [255,173,187,255],
			"gradient": [255,117,153,255],
			"shadow": [152,1,133,255],
			"shadowLight": [222,64,224,255],
			"shadowEyes": [233,184,169,255],
			"highlight": [255,218,224,255],
			"gloss": [255,240,255,255],
			"face": [255,218,224,255],
			"faceGradient": [255,218,224,255],
			"none": [0,0,0,255]
		}
},
{
	"id": "orange",
	"default":true,
	"anchorPoints": {
		"head": [0.5,0.85],
		"ears": [0.5,0.80],
		"face": [0.5,0.61],
		"eyes": [0.5,0.70],
		"neck": [0.5,0.3],
		"toy": [0.5,0.35],
		"armLeft": [0.2,0.4],
		"armRight": [0.8,0.4],
		"legs": [0.5,0.1]
	},
	"lockedAnchors": [
		"armLeft",
		"armRight",
		"face"
	],
	"defaultAccessories": [
		"armLeft05",
		"armRight05",
		"face03",
		"antenna04"
	],
	"position": [0.44,0.5],
	"scale": 1.5,
	"sizeMultiplier": 1.0,
	"assetSet": [
		{
			"tag": "base",
			"location": "assets/baseOomee/Body_Solid.png",
			"index": 0
		},
		{
			"tag": "gradient",
			"location": "assets/baseOomee/Body_Gradient.png",
			"index": 1
		},
		{
			"tag": "shadow",
			"location": "assets/baseOomee/Body_Leg_Shadow.png",
			"index": 2
		},
		{
			"tag": "highlight",
			"location": "assets/baseOomee/Body_Top_Shadow.png",
			"index": 3
		},
		{
			"tag": "gloss",
			"location": "assets/orangeOomee/Orange_Top_Shadow.png",
			"index": 4
		},
		{
			"tag": "face",
			"location": "assets/orangeOomee/Orange_Face_Background.png",
			"index": 5
		}
	],
	"colours": {
			"base": [255,143,19,255],
			"gradient": [255,100,0,255],
			"shadow": [204,46,0,255],
			"shadowLight": [203,59,71,255],
			"shadowEyes": [255,155,25,255],
			"highlight": [255,176,30,255],
			"gloss": [255,239,210,255],
			"face": [255,201,34,255],
			"faceGradient": [255,201,34,255],
			"none": [0,0,0,255]
		}
},
{
	"id": "lightRed",
	"anchorPoints": {
		"head": [0.5,0.85],
		"ears": [0.5,0.80],
		"face": [0.5,0.61],
		"eyes": [0.5,0.70],
		"neck": [0.5,0.3],
		"toy": [0.5,0.35],
		"armLeft": [0.2,0.4],
		"armRight": [0.8,0.4],
		"legs": [0.5,0.1]
	},
	"lockedAnchors": [
		"armLeft",
		"armRight",
		"face"
	],
	"defaultAccessories": [
		"armLeft11",
		"armRight11",
		"face08",
		"ears06"
	],
	"position": [0.44,0.5],
	"scale": 1.5,
	"sizeMultiplier": 1.0,
	"assetSet": [
		{
			"tag": "base",
			"location": "assets/baseOomee/Body_Solid.png",
			"index": 0
		},
		{
			"tag": "gradient",
			"location": "assets/baseOomee/Body_Gradient.png",
			"index": 1
		},
		{
			"tag": "shadow",
			"location": "assets/baseOomee/Body_Leg_Shadow.png",
			"index": 2
		},
		{
			"tag": "highlight",
			"location": "assets/baseOomee/Body_Top_Shadow.png",
			"index": 3
		},
		{
			"tag": "face",
			"location": "assets/lightRedOomee/LightRed_Face_Background.png",
			"index": 4
		}
	],
	"colours": {
			"base": [255,2,127,255],
			"gradient": [198,1,24,255],
			"shadow": [148,1,65,255],
			"shadowLight": [198,1,24,255],
			"shadowEyes": [198,1,24,255],
			"highlight": [255,85,168,255],
			"gloss": [255,141,197,255],
			"face": [255,85,168,255],
			"faceGradient": [255,85,168,255],
			"none": [0,0,0,255]
		}
},
{
	"id": "green",
	"anchorPoints": {
		"head": [0.5,0.85],
		"ears": [0.5,0.80],
		"face": [0.5,0.61],
		"eyes": [0.5,0.70],
		"neck": [0.5,0.3],
		"toy": [0.5,0.35],
		"armLeft": [0.2,0.4],
		"armRight": [0.8,0.4],
		"legs": [0.5,0.1]
	},
	"lockedAnchors": [
		"armLeft",
		"armRight",
		"face"
	],
	"defaultAccessories": [
		"armLeft07",
		"armRight07",
		"face09",
		"antenna03"
	],
	"position": [0.44,0.5],
	"scale": 1.5,
	"sizeMultiplier": 1.0,
	"assetSet": [
		{
			"tag": "base",
			"location": "assets/baseOomee/Body_Solid.png",
			"index": 0
		},
		{
			"tag": "gradient",
			"location": "assets/baseOomee/Body_Gradient.png",
			"index": 1
		},
		{
			"tag": "shadow",
			"location": "assets/baseOomee/Body_Leg_Shadow.png",
			"index": 2
		},
		{
			"tag": "highlight",
			"location": "assets/greenOomee/Green_Top_Shadow.png",
			"index": 3
		},
		{
			"tag": "face",
			"location": "assets/greenOomee/Green_Face_Background.png",
			"index": 4
		},
		{
			"tag": "gloss",
			"location": "assets/greenOomee/Green_Gloss.png",
			"index": 5
		}
	],
	"colours": {
			"base": [128,255,0,255],
			"gradient": [0,178,33,255],
			"shadow": [0,137,20,255],
			"shadowLight": [28,182,22,255],
			"shadowEyes": [181,204,141,255],
			"highlight": [170,255,0,255],
			"gloss": [229,255,178,255],
			"face": [199,255,142,255],
			"faceGradient": [199,255,142,255],
			"none": [0,0,0,255]
		}
},
{
	"id": "darkPink",
	"anchorPoints": {
		"head": [0.5,0.85],
		"ears": [0.5,0.80],
		"face": [0.5,0.61],
		"eyes": [0.5,0.70],
		"neck": [0.5,0.3],
		"toy": [0.5,0.35],
		"armLeft": [0.2,0.4],
		"armRight": [0.8,0.4],
		"legs": [0.5,0.1]
	},
	"lockedAnchors": [
		"armLeft",
		"armRight",
		"face"
	],
	"defaultAccessories": [
		"armLeft03",
		"armRight03",
		"face02",
		"antenna02"
	],
	"position": [0.44,0.5],
	"scale": 1.5,
	"sizeMultiplier": 1.0,
	"assetSet": [
		{
			"tag": "base",
			"location": "assets/baseOomee/Body_Solid.png",
			"index": 0
		},
		{
			"tag": "gradient",
			"location": "assets/baseOomee/Body_Gradient.png",
			"index": 1
		},
		{
			"tag": "shadow",
			"location": "assets/baseOomee/Body_Leg_Shadow.png",
			"index": 2
		},
		{
			"tag": "highlight",
			"location": "assets/darkPinkOomee/DarkPink_Top_Shadow.png",
			"index": 3
		},
		{
			"tag": "shadowLight",
			"location": "assets/darkPinkOomee/DarkPink_Face_Shadow.png",
			"index": 4
		},
		{
			"tag": "face",
			"location": "assets/darkPinkOomee/DarkPink_Face_Background.png",
			"index": 5
		},
		{
			"tag": "faceGradient",
			"location": "assets/darkPinkOomee/DarkPink_Face_Gradient.png",
			"index": 6
		}
	],
	"colours": {
			"base": [249,76,244,255],
			"gradient": [219,2,185,255],
			"shadow": [152,1,133,255],
			"shadowLight": [152,1,133,255],
			"shadowEyes": [215,161,186,255],
			"highlight": [255,128,255,255],
			"gloss": [255,222,235,255],
			"face": [255,222,235,255],
			"faceGradient": [238,195,191,255],
			"none": [0,0,0,255]
		}
},
{
	"id": "blue",
	"anchorPoints": {
		"head": [0.5,0.85],
		"ears": [0.5,0.80],
		"face": [0.5,0.61],
		"eyes": [0.5,0.70],
		"neck": [0.5,0.3],
		"toy": [0.5,0.35],
		"armLeft": [0.2,0.4],
		"armRight": [0.8,0.4],
		"legs": [0.5,0.1]
	},
	"lockedAnchors": [
		"armLeft",
		"armRight",
		"face"
	],
	"defaultAccessories": [
		"armLeft06",
		"armRight06",
		"face05",
		"ears02"
	],
	"position": [0.44,0.5],
	"scale": 1.5,
	"sizeMultiplier": 1.0,
	"assetSet": [
		{
			"tag": "base",
			"location": "assets/baseOomee/Body_Solid.png",
			"index": 0
		},
		{
			"tag": "gradient",
			"location": "assets/baseOomee/Body_Gradient.png",
			"index": 1
		},
		{
			"tag": "shadow",
			"location": "assets/baseOomee/Body_Leg_Shadow.png",
			"index": 2
		},
		{
			"tag": "highlight",
			"location": "assets/baseOomee/Body_Top_Shadow.png",
			"index": 3
		},
		{
			"tag": "shadowLight",
			"location": "assets/blueOomee/Blue_Top_Face_Shadow.png",
			"index": 4
		},
		{
			"tag": "gloss",
			"location": "assets/blueOomee/Blue_Face_Shadow.png",
			"index": 5
		},
		{
			"tag": "face",
			"location": "assets/blueOomee/Blue_Face_Background.png",
			"index": 6
		}
	],
	"colours": {
			"base": [0,128,225,255],
			"gradient": [0,52,220,255],
			"shadow": [0,28,166,255],
			"shadowLight": [0,102,204,255],
			"shadowEyes": [0,150,245,255],
			"highlight": [0,153,255,255],
			"gloss": [0,218,204,255],
			"face": [0,221,235,255],
			"faceGradient": [0,180,255,255],
			"none": [0,0,0,255]
		}
},
{
	"id": "black",
	"anchorPoints": {
		"head": [0.5,0.85],
		"ears": [0.5,0.80],
		"face": [0.5,0.61],
		"eyes": [0.5,0.70],
		"neck": [0.5,0.3],
		"toy": [0.5,0.35],
		"armLeft": [0.2,0.4],
		"armRight": [0.8,0.4],
		"legs": [0.5,0.1]
	},
	"lockedAnchors": [
		"armLeft",
		"armRight",
		"face"
	],
	"defaultAccessories": [
		"armLeft09",
		"armRight09",
		"face07",
		"ears04"
	],
	"position": [0.44,0.5],
	"scale": 1.5,
	"sizeMultiplier": 1.0,
	"assetSet": [
		{
			"tag": "base",
			"location": "assets/baseOomee/Body_Solid.png",
			"index": 0
		},
		{
			"tag": "gradient",
			"location": "assets/baseOomee/Body_Gradient.png",
			"index": 1
		},
		{
			"tag": "shadow",
			"location": "assets/baseOomee/Body_Leg_Shadow.png",
			"index": 2
		},
		{
			"tag": "shadowLight",
			"location": "assets/blackOomee/Black_Face_Shadow.png",
			"index": 7
		},
		{
			"tag": "highlight",
			"location": "assets/blackOomee/Black_Top_Shadow.png",
			"index": 3
		},
		{
			"tag": "faceGradient",
			"location": "assets/blackOomee/Black_Face_Background.png",
			"index": 4
		},
		{
			"tag": "face",
			"location": "assets/blackOomee/Black_Face_Gradient.png",
			"index": 5
		},
		{
			"tag": "gloss",
			"location": "assets/blackOomee/Black_Face_Highlight.png",
			"index": 6
		}
	],
	"colours": {
			"base": [52,68,57,255],
			"gradient": [7,7,12,255],
			"shadow": [7,7,12,255],
			"shadowLight": [39,54,45,255],
			"shadowEyes": [85,95,89,255],
			"highlight": [115,132,121,255],
			"gloss": [203,211,206,255],
			"face": [171,183,176,255],
			"faceGradient": [130,143,136,255],
			"none": [0,0,0,255]
		}
}
]
}