{"oomees":[{"id":"74428642-0bba-4f5c-a065-bc4426aed362","name":"aqua","anchorPoints":{"head":[0.5,0.85],"ears":[0.5,0.8],"face":[0.5,0.61],"eyes":[0.5,0.7],"neck":[0.5,0.3],"toy":[0.5,0.35],"armLeft":[0.2,0.4],"armRight":[0.8,0.4],"legs":[0.5,0.1]},"lockedAnchors":["armLeft","armRight","face"],"defaultAccessories":["f028910f-9713-458e-8f6c-c0298175288e","32a92a2b-9674-49fd-a41c-a49c3526fb8c","54d9000b-726f-4aa6-84a3-b7d87b700414","d9f6a9b9-fc21-475d-89b5-b11778b5981e"],"position":[0.44,0.5],"scale":1.5,"sizeMultiplier":1.0,"assetSet":[{"tag":"base","location":"assets/baseOomee/Body_Solid.png","index":0},{"tag":"gradient","location":"assets/baseOomee/Body_Gradient.png","index":1},{"tag":"shadow","location":"assets/baseOomee/Body_Leg_Shadow.png","index":2},{"tag":"highlight","location":"assets/aquaOomee/Aqua_Top_Shadow.png","index":3},{"tag":"face","location":"assets/aquaOomee/Aqua_Face_Background.png","index":4}],"colours":{"base":[0,222,172,255],"gradient":[0,132,140,255],"shadow":[0,87,139,255],"shadowLight":[0,180,154,255],"shadowEyes":[70,187,171,255],"highlight":[0,255,209,255],"gloss":[102,246,216,255],"face":[117,237,210,255],"faceGradient":[117,237,210,255],"none":[0,0,0,255]},"isDefault":false},{"id":"6247fade-a2dc-4614-a086-729acab2a49c","name":"black","anchorPoints":{"head":[0.5,0.85],"ears":[0.5,0.8],"face":[0.5,0.61],"eyes":[0.5,0.7],"neck":[0.5,0.3],"toy":[0.5,0.35],"armLeft":[0.2,0.4],"armRight":[0.8,0.4],"legs":[0.5,0.1]},"lockedAnchors":["armLeft","armRight","face"],"defaultAccessories":["de136a78-3d8e-4fdc-9916-5d5c0f2cefe9","132a3f27-d357-41ab-84cf-cfa6dc1c7750","f45bd96a-ac66-4b67-ae81-2a2c85b2b61e","358206f8-d2c6-48eb-a33b-2050a422292b"],"position":[0.44,0.5],"scale":1.5,"sizeMultiplier":1.0,"assetSet":[{"tag":"base","location":"assets/baseOomee/Body_Solid.png","index":0},{"tag":"gradient","location":"assets/baseOomee/Body_Gradient.png","index":1},{"tag":"shadow","location":"assets/baseOomee/Body_Leg_Shadow.png","index":2},{"tag":"shadowLight","location":"assets/blackOomee/Black_Face_Shadow.png","index":7},{"tag":"highlight","location":"assets/blackOomee/Black_Top_Shadow.png","index":3},{"tag":"faceGradient","location":"assets/blackOomee/Black_Face_Background.png","index":4},{"tag":"face","location":"assets/blackOomee/Black_Face_Gradient.png","index":5},{"tag":"gloss","location":"assets/blackOomee/Black_Face_Highlight.png","index":6}],"colours":{"base":[52,68,57,255],"gradient":[7,7,12,255],"shadow":[7,7,12,255],"shadowLight":[39,54,45,255],"shadowEyes":[85,95,89,255],"highlight":[115,132,121,255],"gloss":[203,211,206,255],"face":[171,183,176,255],"faceGradient":[130,143,136,255],"none":[0,0,0,255]},"isDefault":false},{"id":"1b69e3e8-77b3-4af9-a0e1-57695648643e","name":"blue","anchorPoints":{"head":[0.5,0.85],"ears":[0.5,0.8],"face":[0.5,0.61],"eyes":[0.5,0.7],"neck":[0.5,0.3],"toy":[0.5,0.35],"armLeft":[0.2,0.4],"armRight":[0.8,0.4],"legs":[0.5,0.1]},"lockedAnchors":["armLeft","armRight","face"],"defaultAccessories":["eb00e915-3aea-45c5-a24f-0b36b6d1a460","5ca5f6b7-6232-4ef1-a376-43661ab85171","1a58d41b-e12f-4c8c-8bb0-c9b482158c44","d7e3ff0a-7666-498e-a6f2-16bb802e1775"],"position":[0.44,0.5],"scale":1.5,"sizeMultiplier":1.0,"assetSet":[{"tag":"base","location":"assets/baseOomee/Body_Solid.png","index":0},{"tag":"gradient","location":"assets/baseOomee/Body_Gradient.png","index":1},{"tag":"shadow","location":"assets/baseOomee/Body_Leg_Shadow.png","index":2},{"tag":"highlight","location":"assets/baseOomee/Body_Top_Shadow.png","index":3},{"tag":"shadowLight","location":"assets/blueOomee/Blue_Top_Face_Shadow.png","index":4},{"tag":"gloss","location":"assets/blueOomee/Blue_Face_Shadow.png","index":5},{"tag":"face","location":"assets/blueOomee/Blue_Face_Background.png","index":6}],"colours":{"base":[0,128,225,255],"gradient":[0,52,220,255],"shadow":[0,28,166,255],"shadowLight":[0,102,204,255],"shadowEyes":[0,150,245,255],"highlight":[0,153,255,255],"gloss":[0,218,204,255],"face":[0,221,235,255],"faceGradient":[0,180,255,255],"none":[0,0,0,255]},"isDefault":false},{"id":"081e4a83-312b-4e79-8007-643b5e849075","name":"darkPink","anchorPoints":{"head":[0.5,0.85],"ears":[0.5,0.8],"face":[0.5,0.61],"eyes":[0.5,0.7],"neck":[0.5,0.3],"toy":[0.5,0.35],"armLeft":[0.2,0.4],"armRight":[0.8,0.4],"legs":[0.5,0.1]},"lockedAnchors":["armLeft","armRight","face"],"defaultAccessories":["7c732598-3304-4349-a6d7-e4a0cedbc0fb","39dd6f7c-b153-4c73-b3e6-fde726d0ca68","7532ea36-3643-4c08-9ded-9acb2eab8ee0","2632244c-6fdc-4c36-9d40-fe954466ef98"],"position":[0.44,0.5],"scale":1.5,"sizeMultiplier":1.0,"assetSet":[{"tag":"base","location":"assets/baseOomee/Body_Solid.png","index":0},{"tag":"gradient","location":"assets/baseOomee/Body_Gradient.png","index":1},{"tag":"shadow","location":"assets/baseOomee/Body_Leg_Shadow.png","index":2},{"tag":"highlight","location":"assets/darkPinkOomee/DarkPink_Top_Shadow.png","index":3},{"tag":"shadowLight","location":"assets/darkPinkOomee/DarkPink_Face_Shadow.png","index":4},{"tag":"face","location":"assets/darkPinkOomee/DarkPink_Face_Background.png","index":5},{"tag":"faceGradient","location":"assets/darkPinkOomee/DarkPink_Face_Gradient.png","index":6}],"colours":{"base":[249,76,244,255],"gradient":[219,2,185,255],"shadow":[152,1,133,255],"shadowLight":[152,1,133,255],"shadowEyes":[215,161,186,255],"highlight":[255,128,255,255],"gloss":[255,222,235,255],"face":[255,222,235,255],"faceGradient":[238,195,191,255],"none":[0,0,0,255]},"isDefault":false},{"id":"15d64475-df20-410a-9b6c-3cbf8bcaa1ba","name":"green","anchorPoints":{"head":[0.5,0.85],"ears":[0.5,0.8],"face":[0.5,0.61],"eyes":[0.5,0.7],"neck":[0.5,0.3],"toy":[0.5,0.35],"armLeft":[0.2,0.4],"armRight":[0.8,0.4],"legs":[0.5,0.1]},"lockedAnchors":["armLeft","armRight","face"],"defaultAccessories":["4c15b916-582c-4c38-84fa-69728b485e5e","0e1bc12a-8a56-4650-8424-d0751ee6c68a","bf1c5b10-2f2a-4731-bce7-bf5eeeba81ac","3baceadf-b0c1-4ce2-8af4-cd4ee7220679"],"position":[0.44,0.5],"scale":1.5,"sizeMultiplier":1.0,"assetSet":[{"tag":"base","location":"assets/baseOomee/Body_Solid.png","index":0},{"tag":"gradient","location":"assets/baseOomee/Body_Gradient.png","index":1},{"tag":"shadow","location":"assets/baseOomee/Body_Leg_Shadow.png","index":2},{"tag":"highlight","location":"assets/greenOomee/Green_Top_Shadow.png","index":3},{"tag":"face","location":"assets/greenOomee/Green_Face_Background.png","index":4},{"tag":"gloss","location":"assets/greenOomee/Green_Gloss.png","index":5}],"colours":{"base":[128,255,0,255],"gradient":[0,178,33,255],"shadow":[0,137,20,255],"shadowLight":[28,182,22,255],"shadowEyes":[181,204,141,255],"highlight":[170,255,0,255],"gloss":[229,255,178,255],"face":[199,255,142,255],"faceGradient":[199,255,142,255],"none":[0,0,0,255]},"isDefault":false},{"id":"cddf4984-bd66-48ae-aebc-940d72285ccc","name":"lightRed","anchorPoints":{"head":[0.5,0.85],"ears":[0.5,0.8],"face":[0.5,0.61],"eyes":[0.5,0.7],"neck":[0.5,0.3],"toy":[0.5,0.35],"armLeft":[0.2,0.4],"armRight":[0.8,0.4],"legs":[0.5,0.1]},"lockedAnchors":["armLeft","armRight","face"],"defaultAccessories":["c957ef49-36e0-4a5f-9b74-6baef70d1329","1b5a1fac-6c40-4892-8a0a-0466b0bb2402","33011d75-60ae-4a82-8dff-a8531515c964","c233f08f-c9a3-432c-97a1-9ba56b145890"],"position":[0.44,0.5],"scale":1.5,"sizeMultiplier":1.0,"assetSet":[{"tag":"base","location":"assets/baseOomee/Body_Solid.png","index":0},{"tag":"gradient","location":"assets/baseOomee/Body_Gradient.png","index":1},{"tag":"shadow","location":"assets/baseOomee/Body_Leg_Shadow.png","index":2},{"tag":"highlight","location":"assets/baseOomee/Body_Top_Shadow.png","index":3},{"tag":"face","location":"assets/lightRedOomee/LightRed_Face_Background.png","index":4}],"colours":{"base":[255,2,127,255],"gradient":[198,1,24,255],"shadow":[148,1,65,255],"shadowLight":[198,1,24,255],"shadowEyes":[198,1,24,255],"highlight":[255,85,168,255],"gloss":[255,141,197,255],"face":[255,85,168,255],"faceGradient":[255,85,168,255],"none":[0,0,0,255]},"isDefault":false},{"id":"84cfa615-54f8-4131-af8a-1010fe1407a2","name":"orange","anchorPoints":{"head":[0.5,0.85],"ears":[0.5,0.8],"face":[0.5,0.61],"eyes":[0.5,0.7],"neck":[0.5,0.3],"toy":[0.5,0.35],"armLeft":[0.2,0.4],"armRight":[0.8,0.4],"legs":[0.5,0.1]},"lockedAnchors":["armLeft","armRight","face"],"defaultAccessories":["6981bb64-473d-480b-b318-a176784dd84b","aa6ddb5c-0148-408d-9375-3647a426c789","b6d7c9fa-c39b-4180-923d-f452b52139b4","d6647910-d6a1-4217-873f-1910bb331505"],"position":[0.44,0.5],"scale":1.5,"sizeMultiplier":1.0,"assetSet":[{"tag":"base","location":"assets/baseOomee/Body_Solid.png","index":0},{"tag":"gradient","location":"assets/baseOomee/Body_Gradient.png","index":1},{"tag":"shadow","location":"assets/baseOomee/Body_Leg_Shadow.png","index":2},{"tag":"highlight","location":"assets/baseOomee/Body_Top_Shadow.png","index":3},{"tag":"gloss","location":"assets/orangeOomee/Orange_Top_Shadow.png","index":4},{"tag":"face","location":"assets/orangeOomee/Orange_Face_Background.png","index":5}],"colours":{"base":[255,143,19,255],"gradient":[255,100,0,255],"shadow":[204,46,0,255],"shadowLight":[203,59,71,255],"shadowEyes":[255,155,25,255],"highlight":[255,176,30,255],"gloss":[255,239,210,255],"face":[255,201,34,255],"faceGradient":[255,201,34,255],"none":[0,0,0,255]},"isDefault":true},{"id":"08a3c4d1-ff66-4b2d-9b75-e3d59b7ad437","name":"pink","anchorPoints":{"head":[0.5,0.85],"ears":[0.5,0.8],"face":[0.5,0.61],"eyes":[0.5,0.7],"neck":[0.5,0.3],"toy":[0.5,0.35],"armLeft":[0.2,0.4],"armRight":[0.8,0.4],"legs":[0.5,0.1]},"lockedAnchors":["armLeft","armRight","face"],"defaultAccessories":["6cf0f9af-d751-4ff9-b6e2-b9db5027d942","0f6fb030-9e18-4c9a-a8bc-03b59fa4f11b","5c8855e2-a310-4b2a-aa15-ffc2a9ebf027","53acd5b7-d9d4-4cf3-b2bd-d763cf7581b9"],"position":[0.44,0.5],"scale":1.5,"sizeMultiplier":1.0,"assetSet":[{"tag":"base","location":"assets/baseOomee/Body_Solid.png","index":0},{"tag":"gradient","location":"assets/baseOomee/Body_Gradient.png","index":1},{"tag":"shadow","location":"assets/baseOomee/Body_Leg_Shadow.png","index":2},{"tag":"highlight","location":"assets/baseOomee/Body_Top_Shadow.png","index":3},{"tag":"face","location":"assets/baseOomee/Body_Face_Background.png","index":4}],"colours":{"base":[255,173,187,255],"gradient":[255,117,153,255],"shadow":[152,1,133,255],"shadowLight":[222,64,224,255],"shadowEyes":[233,184,169,255],"highlight":[255,218,224,255],"gloss":[255,240,255,255],"face":[255,218,224,255],"faceGradient":[255,218,224,255],"none":[0,0,0,255]},"isDefault":false},{"id":"713ebbfc-fd6c-44d9-8e4e-5d9253414134","name":"purple","anchorPoints":{"head":[0.5,0.85],"ears":[0.5,0.8],"face":[0.5,0.61],"eyes":[0.5,0.7],"neck":[0.5,0.3],"toy":[0.5,0.35],"armLeft":[0.2,0.4],"armRight":[0.8,0.4],"legs":[0.5,0.1]},"lockedAnchors":["armLeft","armRight","face"],"defaultAccessories":["d3017e46-ee87-454b-bc75-f39d556e472a","0f38f3ba-bc8d-4607-a83b-d56e94c6397c","7532ea36-3643-4c08-9ded-9acb2eab8ee0","3baceadf-b0c1-4ce2-8af4-cd4ee7220679"],"position":[0.44,0.5],"scale":1.5,"sizeMultiplier":1.0,"assetSet":[{"tag":"base","location":"assets/baseOomee/Body_Solid.png","index":0},{"tag":"gradient","location":"assets/baseOomee/Body_Gradient.png","index":1},{"tag":"shadow","location":"assets/baseOomee/Body_Leg_Shadow.png","index":2},{"tag":"highlight","location":"assets/purpleOomee/Purple_Top_Shadow.png","index":3},{"tag":"face","location":"assets/purpleOomee/Purple_Face_Background.png","index":4}],"colours":{"base":[141,78,211,255],"gradient":[107,55,185,255],"shadow":[77,37,120,255],"shadowLight":[77,37,120,255],"shadowEyes":[160,96,205,255],"highlight":[181,101,224,255],"gloss":[208,145,145,255],"face":[174,122,226,255],"faceGradient":[174,122,226,255],"none":[0,0,0,255]},"isDefault":false},{"id":"c7066674-6466-4ddf-b0ad-d241881620e8","name":"red","anchorPoints":{"head":[0.5,0.85],"ears":[0.5,0.8],"face":[0.5,0.61],"eyes":[0.5,0.7],"neck":[0.5,0.3],"toy":[0.5,0.35],"armLeft":[0.2,0.4],"armRight":[0.8,0.4],"legs":[0.5,0.1]},"lockedAnchors":["armLeft","armRight","face"],"defaultAccessories":["da78e529-3c5a-4ba0-882d-96ba3783cedd","86649731-665a-4d58-bc83-c620b9b63a06","aea70a84-6adf-472f-ae7b-ff08377f1ad8","0cd2091d-a666-4b60-87ca-1c61d8133c2a"],"incompatibleAccessories":["5c8855e2-a310-4b2a-aa15-ffc2a9ebf027","b6d7c9fa-c39b-4180-923d-f452b52139b4","4a9be169-dff5-4f0d-9a26-b4eb89d74186","5859dfd2-6428-46a6-bf4f-308abddfe883"],"position":[0.44,0.5],"scale":1.5,"sizeMultiplier":1.0,"assetSet":[{"tag":"base","location":"assets/baseOomee/Body_Solid.png","index":0},{"tag":"gradient","location":"assets/baseOomee/Body_Gradient.png","index":1},{"tag":"shadow","location":"assets/baseOomee/Body_Leg_Shadow.png","index":2},{"tag":"highlight","location":"assets/baseOomee/Body_Top_Shadow.png","index":3},{"tag":"shadowLight","location":"assets/redOomee/Red_Face_Shadow.png","index":4},{"tag":"face","location":"assets/redOomee/Red_Face_Background.png","index":5}],"colours":{"base":[255,5,33,255],"gradient":[198,1,3,255],"shadow":[149,1,1,255],"shadowLight":[149,1,0,255],"shadowEyes":[61,17,21,255],"highlight":[255,73,99,255],"gloss":[255,212,225,255],"face":[89,26,30,255],"faceGradient":[89,26,30,255],"none":[0,0,0,255]},"isDefault":false},{"id":"1408435e-4960-486a-9bd5-d605e80947cb","name":"yellow","anchorPoints":{"head":[0.5,0.85],"ears":[0.5,0.8],"face":[0.5,0.61],"eyes":[0.5,0.7],"neck":[0.5,0.3],"toy":[0.5,0.35],"armLeft":[0.2,0.4],"armRight":[0.8,0.4],"legs":[0.5,0.1]},"lockedAnchors":["armLeft","armRight","face"],"defaultAccessories":["e23a231a-8119-4d90-b6c0-30fdcfae5fe5","e9977cbf-a7c5-40c1-806b-747c6c3b96f6","5c8855e2-a310-4b2a-aa15-ffc2a9ebf027","1f0e7219-f5bd-42dc-9702-3a1e7eb3eaea"],"position":[0.44,0.5],"scale":1.5,"sizeMultiplier":1.0,"assetSet":[{"tag":"base","location":"assets/baseOomee/Body_Solid.png","index":0},{"tag":"gradient","location":"assets/baseOomee/Body_Gradient.png","index":1},{"tag":"shadow","location":"assets/baseOomee/Body_Leg_Shadow.png","index":2},{"tag":"highlight","location":"assets/baseOomee/Body_Top_Shadow.png","index":3},{"tag":"face","location":"assets/baseOomee/Body_Face_Background.png","index":4}],"colours":{"base":[255,235,0,255],"gradient":[255,149,0,255],"shadow":[216,104,0,255],"shadowLight":[255,175,0,255],"shadowEyes":[233,207,97,255],"highlight":[255,234,0,255],"gloss":[255,245,128,255],"face":[255,245,128,255],"faceGradient":[255,245,128,255],"none":[0,0,0,255]},"isDefault":false}]}