{
	"id": "red",
	"anchorPoints": {
		"head": [0.5,0.85],
		"ears": [0.5,0.80],
		"face": [0.5,0.61],
		"eyes": [0.5,0.70],
		"neck": [0.5,0.3],
		"toy": [0.5,0.35],
		"armLeft": [0.2,0.4],
		"armRight": [0.8,0.4],
		"legs": [0.5,0.1]
	},
	"lockedAnchors": [
		"armLeft",
		"armRight",
		"face"
	],
	"defaultAccessories": [
		"armLeft08",
		"armRight08",
		"face04",
		"ears03"
	],
	"position": [0.44,0.5],
	"scale": 1.5,
	"sizeMultiplier": 1.0,
	"assetSet": {
		"base": ["assets/baseOomee/Body_Solid.png",0],
		"gradient": ["assets/baseOomee/Body_Gradient.png",1],
		"shadow": ["assets/baseOomee/Body_Leg_Shadow.png",2],
		"highlight": ["assets/baseOomee/Body_Top_Shadow.png",3],
		"shadowLight": ["assets/redOomee/Red_Face_Shadow.png",4],
		"face": ["assets/redOomee/Red_Face_Background.png",5]
	}
}