{"categories":[{"id":"9ed7f7d6-fd8c-447d-9af9-e409ad6d797e","categoryOrderId":"0","name":"colours","iconFilenameSelected":"assets/categoryButtons/S_Colour_Pallette.png","iconFilenameUnselected":"assets/categoryButtons/U_Colour_Pallette.png","holidaySeasons":["none"],"scaleSelected":1.25,"scaleUnselected":1.0,"highlightColour":[255,0,0,255],"isDefault":true},{"id":"f100cb34-47ba-4eda-b592-55f85a11dfd1","categoryOrderId":"1","name":"ears","iconFilenameSelected":"assets/categoryButtons/S_Hair.png","iconFilenameUnselected":"assets/categoryButtons/U_Hair.png","holidaySeasons":["none"],"scaleSelected":1.25,"scaleUnselected":1.0,"highlightColour":[255,0,0,255],"isDefault":false},{"id":"0cccbe10-f5a6-454a-ba93-b032a24cc3a2","categoryOrderId":"2","name":"faces","iconFilenameSelected":"assets/categoryButtons/S_Faces.png","iconFilenameUnselected":"assets/categoryButtons/U_Faces.png","holidaySeasons":["none"],"scaleSelected":1.25,"scaleUnselected":1.0,"highlightColour":[255,0,0,255],"isDefault":false},{"id":"9aef4ca0-672f-4a6d-ae75-3dcc29b7eb62","categoryOrderId":"3","name":"hats","iconFilenameSelected":"assets/categoryButtons/S_Headgear.png","iconFilenameUnselected":"assets/categoryButtons/U_Headgear.png","holidaySeasons":["none"],"scaleSelected":1.25,"scaleUnselected":1.0,"highlightColour":[255,0,0,255],"isDefault":false},{"id":"e94d07a4-951c-44d5-ac7e-1eb5927a14c1","categoryOrderId":"4","name":"objects","iconFilenameSelected":"assets/categoryButtons/S_Objects.png","iconFilenameUnselected":"assets/categoryButtons/U_Objects.png","holidaySeasons":["none"],"scaleSelected":1.25,"scaleUnselected":1.0,"highlightColour":[255,0,0,255],"isDefault":false},{"id":"cd6cc236-cefe-4665-a0d3-c07edd95f632","categoryOrderId":"5","name":"arms","iconFilenameSelected":"assets/categoryButtons/S_Arms.png","iconFilenameUnselected":"assets/categoryButtons/U_Arms.png","holidaySeasons":["none"],"scaleSelected":1.25,"scaleUnselected":1.0,"highlightColour":[255,0,0,255],"isDefault":false}]}