{"categories":[
{
	"id": "colours",
	"name": "colours",
	"default": true,
	"iconFilenameSelected": "assets/categoryButtons/S_Colour_Pallette.png",
	"iconFilenameUnselected": "assets/categoryButtons/U_Colour_Pallette.png",
	"holidaySeasons": ["none"],
	"scaleSelected": 1.25,
	"scaleUnselected": 1.0,
	"highlightColour": [255,0,0,255]
},
{
	"id": "arms",
	"iconFilenameSelected": "assets/categoryButtons/S_Arms.png",
	"iconFilenameUnselected": "assets/categoryButtons/U_Arms.png",
	"holidaySeasons": ["none"],
	"scaleSelected": 1.25,
	"scaleUnselected": 1.0,
	"highlightColour": [255,0,0,255]
},
{
	"id": "ears",
	"iconFilenameSelected": "assets/categoryButtons/S_Hair.png",
	"iconFilenameUnselected": "assets/categoryButtons/U_Hair.png",
	"holidaySeasons": ["none"],
	"scaleSelected": 1.25,
	"scaleUnselected": 1.0,
	"highlightColour": [255,0,0,255]
},
{
	"id": "faces",
	"iconFilenameSelected": "assets/categoryButtons/S_Faces.png",
	"iconFilenameUnselected": "assets/categoryButtons/U_Faces.png",
	"holidaySeasons": ["none"],
	"scaleSelected": 1.25,
	"scaleUnselected": 1.0,
	"highlightColour": [255,0,0,255]
},
{
	"id": "hats",
	"iconFilenameSelected": "assets/categoryButtons/S_Headgear.png",
	"iconFilenameUnselected": "assets/categoryButtons/U_Headgear.png",
	"holidaySeasons": ["none"],
	"scaleSelected": 1.25,
	"scaleUnselected": 1.0,
	"highlightColour": [255,0,0,255]
},
{
	"id": "objects",
	"iconFilenameSelected": "assets/categoryButtons/S_Objects.png",
	"iconFilenameUnselected": "assets/categoryButtons/U_Objects.png",
	"holidaySeasons": ["none"],
	"scaleSelected": 1.25,
	"scaleUnselected": 1.0,
	"highlightColour": [255,0,0,255]
}
]
}