{
	"items":
[
	{
		"id": "glasses01",
		"targetAnchor": "eyes",
		"offset": [0.0,0.0],
		"snapRange": [100.0,100.0],
		"menuScale": 1.0,
		"dragScale": 2.0,
		"targetScale": 1.0,
		"zOrder": 6,
		"categoryId": "glasses",
		"assetFilename": "assets/glasses/glasses_01.png"
	},
	{
		"id": "glasses02",
		"targetAnchor": "eyes",
		"offset": [0.0,0.0],
		"snapRange": [100.0,100.0],
		"menuScale": 1.0,
		"dragScale": 2.0,
		"targetScale": 1.0,
		"zOrder": 6,
		"categoryId": "glasses",
		"assetFilename": "assets/glasses/glasses_02.png"
	},
	{
		"id": "glasses03",
		"targetAnchor": "eyes",
		"offset": [0.0,0.0],
		"snapRange": [100.0,100.0],
		"menuScale": 1.0,
		"dragScale": 2.0,
		"targetScale": 1.0,
		"zOrder": 6,
		"categoryId": "glasses",
		"assetFilename": "assets/glasses/glasses_03.png"
	},
	{
		"id": "glasses04",
		"targetAnchor": "eyes",
		"offset": [0.0,0.0],
		"snapRange": [100.0,100.0],
		"menuScale": 1.0,
		"dragScale": 2.0,
		"targetScale": 1.0,
		"zOrder": 6,
		"categoryId": "glasses",
		"assetFilename": "assets/glasses/glasses_04.png"
	},
	{
		"id": "glasses05",
		"targetAnchor": "eyes",
		"offset": [0.0,0.0],
		"snapRange": [100.0,100.0],
		"menuScale": 1.0,
		"dragScale": 2.0,
		"targetScale": 1.0,
		"zOrder": 6,
		"categoryId": "glasses",
		"assetFilename": "assets/glasses/glasses_05.png"
	},
	{
		"id": "glasses06",
		"targetAnchor": "eyes",
		"offset": [0.0,0.0],
		"snapRange": [100.0,100.0],
		"menuScale": 1.0,
		"dragScale": 2.0,
		"targetScale": 1.0,
		"zOrder": 6,
		"categoryId": "glasses",
		"assetFilename": "assets/glasses/glasses_06.png"
	},
	{
		"id": "glasses01",
		"targetAnchor": "eyes",
		"offset": [0.0,0.0],
		"snapRange": [100.0,100.0],
		"menuScale": 1.0,
		"dragScale": 2.0,
		"targetScale": 1.0,
		"zOrder": 6,
		"categoryId": "glasses",
		"assetFilename": "assets/glasses/glasses_01.png"
	},
	{
		"id": "glasses07",
		"targetAnchor": "eyes",
		"offset": [0.0,0.0],
		"snapRange": [100.0,100.0],
		"menuScale": 1.0,
		"dragScale": 2.0,
		"targetScale": 1.0,
		"zOrder": 6,
		"categoryId": "glasses",
		"assetFilename": "assets/glasses/glasses_07.png"
	},
	{
		"id": "glasses08",
		"targetAnchor": "eyes",
		"offset": [0.0,0.0],
		"snapRange": [100.0,100.0],
		"menuScale": 1.0,
		"dragScale": 2.0,
		"targetScale": 1.0,
		"zOrder": 6,
		"categoryId": "glasses",
		"assetFilename": "assets/glasses/glasses_08.png"
	},
	{
		"id": "glasses09",
		"targetAnchor": "eyes",
		"offset": [0.0,0.0],
		"snapRange": [100.0,100.0],
		"menuScale": 1.0,
		"dragScale": 2.0,
		"targetScale": 1.0,
		"zOrder": 6,
		"categoryId": "glasses",
		"assetFilename": "assets/glasses/glasses_09.png"
	},
	{
		"id": "glasses10",
		"targetAnchor": "eyes",
		"offset": [0.0,0.0],
		"snapRange": [100.0,100.0],
		"menuScale": 1.0,
		"dragScale": 2.0,
		"targetScale": 1.0,
		"zOrder": 6,
		"categoryId": "glasses",
		"assetFilename": "assets/glasses/glasses_10.png"
	},
	{
		"id": "glasses11",
		"targetAnchor": "eyes",
		"offset": [0.0,0.0],
		"snapRange": [100.0,100.0],
		"menuScale": 1.0,
		"dragScale": 2.0,
		"targetScale": 1.0,
		"zOrder": 6,
		"categoryId": "glasses",
		"assetFilename": "assets/glasses/glasses_11.png"
	},
	{
		"id": "glasses12",
		"targetAnchor": "eyes",
		"offset": [0.0,0.0],
		"snapRange": [100.0,100.0],
		"menuScale": 1.0,
		"dragScale": 2.0,
		"targetScale": 1.0,
		"zOrder": 6,
		"categoryId": "glasses",
		"assetFilename": "assets/glasses/glasses_12.png"
	},
	{
		"id": "glasses13",
		"targetAnchor": "eyes",
		"offset": [0.0,0.0],
		"snapRange": [100.0,100.0],
		"menuScale": 1.0,
		"dragScale": 2.0,
		"targetScale": 1.0,
		"zOrder": 6,
		"categoryId": "glasses",
		"assetFilename": "assets/glasses/glasses_13.png"
	},
	{
		"id": "glasses14",
		"targetAnchor": "eyes",
		"offset": [0.0,0.0],
		"snapRange": [100.0,100.0],
		"menuScale": 1.0,
		"dragScale": 2.0,
		"targetScale": 1.0,
		"zOrder": 6,
		"categoryId": "glasses",
		"assetFilename": "assets/glasses/glasses_14.png"
	}
]
}