{
	"items":
[
	{
		"id": "hat01",
		"targetAnchor": "head",
		"offset": [0.0,0.0],
		"snapRange": [100.0,100.0],
		"menuScale": 1.0,
		"dragScale": 2.0,
		"targetScale": 1.0,
		"zOrder": 1,
		"categoryId": "hats",
		"assetFilename": "assets/hats/hat_01.png"
	},
	{
		"id": "hat02",
		"targetAnchor": "head",
		"offset": [0.0,0.0],
		"snapRange": [100.0,100.0],
		"menuScale": 1.0,
		"dragScale": 2.0,
		"targetScale": 1.0,
		"zOrder": 1,
		"categoryId": "hats",
		"assetFilename": "assets/hats/hat_02.png"
	},
	{
		"id": "hat03",
		"targetAnchor": "head",
		"offset": [0.0,0.0],
		"snapRange": [100.0,100.0],
		"menuScale": 1.0,
		"dragScale": 2.0,
		"targetScale": 1.0,
		"zOrder": 1,
		"categoryId": "hats",
		"assetFilename": "assets/hats/hat_03.png"
	},
	{
		"id": "hat04",
		"targetAnchor": "head",
		"offset": [0.0,0.0],
		"snapRange": [100.0,100.0],
		"menuScale": 1.0,
		"dragScale": 2.0,
		"targetScale": 1.0,
		"zOrder": 1,
		"categoryId": "hats",
		"assetFilename": "assets/hats/hat_04.png"
	},
	{
		"id": "hat05",
		"targetAnchor": "head",
		"offset": [0.0,0.0],
		"snapRange": [100.0,100.0],
		"menuScale": 1.0,
		"dragScale": 2.0,
		"targetScale": 1.0,
		"zOrder": 1,
		"categoryId": "hats",
		"assetFilename": "assets/hats/hat_05.png"
	},
	{
		"id": "hat06",
		"targetAnchor": "head",
		"offset": [0.0,0.0],
		"snapRange": [100.0,100.0],
		"menuScale": 1.0,
		"dragScale": 2.0,
		"targetScale": 1.0,
		"zOrder": 1,
		"categoryId": "hats",
		"assetFilename": "assets/hats/hat_06.png"
	},
	{
		"id": "hat01",
		"targetAnchor": "head",
		"offset": [0.0,0.0],
		"snapRange": [100.0,100.0],
		"menuScale": 1.0,
		"dragScale": 2.0,
		"targetScale": 1.0,
		"zOrder": 1,
		"categoryId": "hats",
		"assetFilename": "assets/hats/hat_01.png"
	},
	{
		"id": "hat07",
		"targetAnchor": "head",
		"offset": [0.0,0.0],
		"snapRange": [100.0,100.0],
		"menuScale": 1.0,
		"dragScale": 2.0,
		"targetScale": 1.0,
		"zOrder": 1,
		"categoryId": "hats",
		"assetFilename": "assets/hats/hat_07.png"
	},
	{
		"id": "hat08",
		"targetAnchor": "head",
		"offset": [0.0,0.0],
		"snapRange": [100.0,100.0],
		"menuScale": 1.0,
		"dragScale": 2.0,
		"targetScale": 1.0,
		"zOrder": 1,
		"categoryId": "hats",
		"assetFilename": "assets/hats/hat_08.png"
	},
	{
		"id": "hat09",
		"targetAnchor": "head",
		"offset": [0.0,0.0],
		"snapRange": [100.0,100.0],
		"menuScale": 1.0,
		"dragScale": 2.0,
		"targetScale": 1.0,
		"zOrder": 1,
		"categoryId": "hats",
		"assetFilename": "assets/hats/hat_09.png"
	},
	{
		"id": "hat10",
		"targetAnchor": "head",
		"offset": [0.0,0.0],
		"snapRange": [100.0,100.0],
		"menuScale": 1.0,
		"dragScale": 2.0,
		"targetScale": 1.0,
		"zOrder": 1,
		"categoryId": "hats",
		"assetFilename": "assets/hats/hat_10.png"
	},
	{
		"id": "hat11",
		"targetAnchor": "head",
		"offset": [0.0,0.0],
		"snapRange": [100.0,100.0],
		"menuScale": 1.0,
		"dragScale": 2.0,
		"targetScale": 1.0,
		"zOrder": 1,
		"categoryId": "hats",
		"assetFilename": "assets/hats/hat_11.png"
	},
	{
		"id": "hat12",
		"targetAnchor": "head",
		"offset": [0.0,0.0],
		"snapRange": [100.0,100.0],
		"menuScale": 1.0,
		"dragScale": 2.0,
		"targetScale": 1.0,
		"zOrder": 1,
		"categoryId": "hats",
		"assetFilename": "assets/hats/hat_12.png"
	},
	{
		"id": "hat13",
		"targetAnchor": "head",
		"offset": [0.0,0.0],
		"snapRange": [100.0,100.0],
		"menuScale": 1.0,
		"dragScale": 2.0,
		"targetScale": 1.0,
		"zOrder": 1,
		"categoryId": "hats",
		"assetFilename": "assets/hats/hat_13.png"
	},
	{
		"id": "hat14",
		"targetAnchor": "head",
		"offset": [0.0,0.0],
		"snapRange": [100.0,100.0],
		"menuScale": 1.0,
		"dragScale": 2.0,
		"targetScale": 1.0,
		"zOrder": 1,
		"categoryId": "hats",
		"assetFilename": "assets/hats/hat_14.png"
	},
	{
		"id": "hat15",
		"targetAnchor": "head",
		"offset": [0.0,0.0],
		"snapRange": [100.0,100.0],
		"menuScale": 1.0,
		"dragScale": 2.0,
		"targetScale": 1.0,
		"zOrder": 1,
		"categoryId": "hats",
		"assetFilename": "assets/hats/hat_15.png"
	},
	{
		"id": "hat16",
		"targetAnchor": "head",
		"offset": [0.0,0.0],
		"snapRange": [100.0,100.0],
		"menuScale": 1.0,
		"dragScale": 2.0,
		"targetScale": 1.0,
		"zOrder": 1,
		"categoryId": "hats",
		"assetFilename": "assets/hats/hat_16.png"
	},
	{
		"id": "hat17",
		"targetAnchor": "head",
		"offset": [0.0,0.0],
		"snapRange": [100.0,100.0],
		"menuScale": 1.0,
		"dragScale": 2.0,
		"targetScale": 1.0,
		"zOrder": 1,
		"categoryId": "hats",
		"assetFilename": "assets/hats/hat_17.png"
	},
	{
		"id": "hat18",
		"targetAnchor": "head",
		"offset": [0.0,0.0],
		"snapRange": [100.0,100.0],
		"menuScale": 1.0,
		"dragScale": 2.0,
		"targetScale": 1.0,
		"zOrder": 1,
		"categoryId": "hats",
		"assetFilename": "assets/hats/hat_18.png"
	},
	{
		"id": "hat19",
		"targetAnchor": "head",
		"offset": [0.0,0.0],
		"snapRange": [100.0,100.0],
		"menuScale": 1.0,
		"dragScale": 2.0,
		"targetScale": 1.0,
		"zOrder": 1,
		"categoryId": "hats",
		"assetFilename": "assets/hats/hat_19.png"
	}
]
}