{
	"items":
[
	{
		"id": "tattoo01",
		"targetAnchor": "body",
		"offset": [0.0,0.0],
		"snapRange": [100.0,100.0],
		"menuScale": 1.0,
		"dragScale": 2.0,
		"targetScale": 1.0,
		"zOrder": 3,
		"categoryId": "tattoos",
		"assetFilename": "assets/tattoos/tattoo_01.png"
	},
	{
		"id": "tattoo02",
		"targetAnchor": "body",
		"offset": [0.0,0.0],
		"snapRange": [100.0,100.0],
		"menuScale": 1.0,
		"dragScale": 2.0,
		"targetScale": 1.0,
		"zOrder": 3,
		"categoryId": "tattoos",
		"assetFilename": "assets/tattoos/tattoo_02.png"
	},
	{
		"id": "tattoos03",
		"targetAnchor": "body",
		"offset": [0.0,0.0],
		"snapRange": [100.0,100.0],
		"menuScale": 1.0,
		"dragScale": 2.0,
		"targetScale": 1.0,
		"zOrder": 3,
		"categoryId": "tattoos",
		"assetFilename": "assets/tattoos/tattoo_03.png"
	},
	{
		"id": "tattoo04",
		"targetAnchor": "body",
		"offset": [0.0,0.0],
		"snapRange": [100.0,100.0],
		"menuScale": 1.0,
		"dragScale": 2.0,
		"targetScale": 1.0,
		"zOrder": 3,
		"categoryId": "tattoos",
		"assetFilename": "assets/tattoos/tattoo_04.png"
	},
	{
		"id": "tattoo05",
		"targetAnchor": "body",
		"offset": [0.0,0.0],
		"snapRange": [100.0,100.0],
		"menuScale": 1.0,
		"dragScale": 2.0,
		"targetScale": 1.0,
		"zOrder": 3,
		"categoryId": "tattoos",
		"assetFilename": "assets/tattoos/tattoo_05.png"
	},
	{
		"id": "tattoo06",
		"targetAnchor": "body",
		"offset": [0.0,0.0],
		"snapRange": [100.0,100.0],
		"menuScale": 1.0,
		"dragScale": 2.0,
		"targetScale": 1.0,
		"zOrder": 3,
		"categoryId": "tattoos",
		"assetFilename": "assets/tattoos/tattoo_06.png"
	},
	{
		"id": "tattoo07",
		"targetAnchor": "body",
		"offset": [0.0,0.0],
		"snapRange": [100.0,100.0],
		"menuScale": 1.0,
		"dragScale": 2.0,
		"targetScale": 1.0,
		"zOrder": 3,
		"categoryId": "tattoos",
		"assetFilename": "assets/tattoos/tattoo_07.png"
	},
	{
		"id": "tattoo08",
		"targetAnchor": "body",
		"offset": [0.0,0.0],
		"snapRange": [100.0,100.0],
		"menuScale": 1.0,
		"dragScale": 2.0,
		"targetScale": 1.0,
		"zOrder": 3,
		"categoryId": "tattoos",
		"assetFilename": "assets/tattoos/tattoo_08.png"
	},
	{
		"id": "tattoo09",
		"targetAnchor": "body",
		"offset": [0.0,0.0],
		"snapRange": [100.0,100.0],
		"menuScale": 1.0,
		"dragScale": 2.0,
		"targetScale": 1.0,
		"zOrder": 3,
		"categoryId": "tattoos",
		"assetFilename": "assets/tattoos/tattoo_09.png"
	},
	{
		"id": "tattoo010",
		"targetAnchor": "body",
		"offset": [0.0,0.0],
		"snapRange": [100.0,100.0],
		"menuScale": 1.0,
		"dragScale": 2.0,
		"targetScale": 1.0,
		"zOrder": 3,
		"categoryId": "tattoos",
		"assetFilename": "assets/tattoos/tattoo_10.png"
	},
	{
		"id": "tattoo11",
		"targetAnchor": "body",
		"offset": [0.0,0.0],
		"snapRange": [100.0,100.0],
		"menuScale": 1.0,
		"dragScale": 2.0,
		"targetScale": 1.0,
		"zOrder": 3,
		"categoryId": "tattoos",
		"assetFilename": "assets/tattoos/tattoo_11.png"
	}
]
}