{
 "nodeId": "addChild_oomeee",
 "groupId": [
   "chat"
 ],
 "nodeSize": [
   90.0,
   72.0
 ],
 "nodeText": {
    "titleText": {
        "position": [50.0,95.0],
        "text": "Give your child their own Oomee",
        "alignment": "centre",
        "fontSize": 94,
        "colour": [0,0,0,255]
    },
    "bodyText": [
        {
            "position": [50.0,85.0],
            "text": "Pick your favorite character",
            "alignment": "centre",
            "fontSize": 58,
            "colour": [0,132,122,255]
        }
    ]
 },
 "closeButton": false,
 "backgroundColour": [
   255,
   255,
   255
 ],
 "buttons": [
   {
     "buttonId": "signup",
     "action": {
        "type":"flowAction",
        "params": {
            "fileName":"add_child_oomee.json",
            "action": "back"
        }
     },
     "position": [
       50.0,
       20.0
     ],
     "size": [
       20.0,
       12.0
     ],
     "text": "Back",
     "underlined": true,
     "sprite": "misc/transparent.png"

   },
   {
     "buttonId": "addChild",
     "action": {
        "type":"flowAction",
        "params": {
            "fileName":"add_child_oomee.json",
            "action": "next",
            "oomeeNum":"0"
        }
     },
     "position": [
       25.0,
       60.0
     ],
     "size": [
       10.0,
       20.0
     ],
     "text": "",
     "underlined": false,
     "sprite": "misc/transparent.png"

   },
   {
     "buttonId": "addChild",
     "action": {
        "type":"flowAction",
        "params": {
            "fileName":"add_child_oomee.json",
            "action": "next",
            "oomeeNum":"1"
        }
     },
     "position": [
       50.0,
       60.0
     ],
     "size": [
       10.0,
       20.0
     ],
     "text": "",
     "underlined": false,
     "sprite": "misc/transparent.png"

   },
   {
     "buttonId": "addChild",
     "action": {
        "type":"flowAction",
        "params": {
            "fileName":"add_child_oomee.json",
            "action": "next",
            "oomeeNum":"2"
        }
     },
     "position": [
       75.0,
       60.0
     ],
     "size": [
       10.0,
       20.0
     ],
     "text": "",
     "underlined": false,
     "sprite": "misc/transparent.png"

   },
   {
     "buttonId": "addChild",
     "action": {
        "type":"flowAction",
        "params": {
            "fileName":"add_child_oomee.json",
            "action": "next",
            "oomeeNum":"3"
        }
     },
     "position": [
       37.5,
       40.0
     ],
     "size": [
       10.0,
       20.0
     ],
     "text": "",
     "underlined": false,
     "sprite": "misc/transparent.png"

   },
   {
     "buttonId": "addChild",
     "action": {
        "type":"flowAction",
        "params": {
            "fileName":"add_child_oomee.json",
            "action": "next",
            "oomeeNum":"4"
        }
     },
     "position": [
       62.5,
       40.0
     ],
     "size": [
       10.0,
       20.0
     ],
     "text": "",
     "underlined": false,
     "sprite": "misc/transparent.png"

   }

 ],
 "backgroundImage": {
   "displayMode": "fill",
   "file": "misc/light_blue_gradient.png"
 },
 "images": [
   {
      "position": [25.0,60.0],
      "size": [-1.0,20.0],
      "opacity": 255,
      "file": "oomees/om_Pink.png"
   },
   {
      "position": [50.0,60.0],
      "size": [-1.0,20.0],
      "opacity": 255,
      "file": "oomees/om_Yellow.png"
   },
   {
      "position": [75.0,60.0],
      "size": [-1.0,20.0],
      "opacity": 255,
      "file": "oomees/om_Raspberry.png"
   },
   {
      "position": [37.5,40.0],
      "size": [-1.0,20.0],
      "opacity": 255,
      "file": "oomees/om_Green.png"
   },
   {
      "position": [62.5,40.0],
      "size": [-1.0,20.0],
      "opacity": 255,
      "file": "oomees/om_Blue.png"
   }
 ]
}
