{
 "nodeId": "addchild",
 "groupId": [
   "addchild"
 ],
 "nodeSize": [
   90.0,
   72.0
 ],
 "nodeText": {
    "titleText": {
        "position": [50.0,95.0],
        "text": "Personalise your child's experience",
        "alignment": "centre",
        "fontSize": 94,
        "colour": [0,0,0,255]
    },
    "bodyText": [
        {
            "position": [50.0,85.0],
            "text": "What's your child's first name?",
            "alignment": "centre",
            "fontSize": 58,
            "colour": [0,132,122,255]
        },
        {
          "position": [50.0,65.0],
            "text": "How old are they?",
            "alignment": "centre",
            "fontSize": 58,
            "colour": [0,132,122,255]
        },
        {
          "position": [50.0,45.0],
            "text": "we need this to give them age-appropriate videos, games & audiobooks",
            "alignment": "centre",
            "fontSize": 42,
            "colour": [0,0,0,255]
        }
    ]
 },
 "closeButton": false,
 "backgroundColour": [
   255,
   255,
   255
 ],
 "buttons": [
   {
     "buttonId": "transition",
     "action": {
        "type":"flowAction",
        "params": {
            "fileName":"add_child.json",
            "action": "next"
        }
     },
     "position": [
       67.0,
       20.0
     ],
     "size": [
       20.0,
       12.0
     ],
     "text": "Continue"
   },
   {
     "buttonId": "transition",
     "action": {
        "type":"flowAction",
        "params": {
            "fileName":"add_child.json",
            "action": "close"
        }
     },
     "position": [
       33.0,
       20.0
     ],
     "size": [
       20.0,
       12.0
     ],
     "text": "Cancel",
     "sprite": "misc/transparent.png",
     "underlined": true
   }
 ],
 "backgroundImage": {
   "displayMode": "fill",
   "file": "misc/light_blue_gradient.png"
 },
 "textInputFields": [
    {
        "position": [50.0,75.0],
        "size": [75.0,10.0],
        "valueKey": "name",
        "inputType": 3,
        "errorText": "Name isnt valid",
        "placeholder": "<name>"
    },
    {
        "position": [50.0,55.0],
        "size": [15.0,10.0],
        "valueKey": "age",
        "inputType": 9,
        "errorText": "invalid age",
        "placeholder": "<age>"
    }
 ]
}
