{
	"items":
[
	{
		"id": "armLeft01",
		"targetAnchor": "armLeft",
		"offset": [-5.0,0.0],
		"snapRange": [100.0,100.0],
		"menuScale": 1.0,
		"dragScale": 2.0,
		"targetScale": 1.0,
		"zOrder": -1,
		"categoryId": "arms",
		"assetFilename": "assets/arms/arm_left_01.png",
		"useColourHue": true
	},
	{
		"id": "armRight01",
		"targetAnchor": "armRight",
		"offset": [5.0,0.0],
		"snapRange": [100.0,100.0],
		"menuScale": 1.0,
		"dragScale": 2.0,
		"targetScale": 1.0,
		"zOrder": -1,
		"categoryId": "arms",
		"assetFilename": "assets/arms/arm_right_01.png",
		"useColourHue": true
	},
	{
		"id": "armLeft02",
		"targetAnchor": "armLeft",
		"offset": [-10.0,0.0],
		"snapRange": [100.0,100.0],
		"menuScale": 1.0,
		"dragScale": 2.0,
		"targetScale": 1.0,
		"zOrder": -1,
		"categoryId": "arms",
		"assetFilename": "assets/arms/arm_left_02.png",
		"useColourHue": true
	},
	{
		"id": "armRight02",
		"targetAnchor": "armRight",
		"offset": [10.0,0.0],
		"snapRange": [100.0,100.0],
		"menuScale": 1.0,
		"dragScale": 2.0,
		"targetScale": 1.0,
		"zOrder": -1,
		"categoryId": "arms",
		"assetFilename": "assets/arms/arm_right_02.png",
		"useColourHue": true
	},
	{
		"id": "armLeft03",
		"targetAnchor": "armLeft",
		"offset": [-5.0,0.0],
		"snapRange": [100.0,100.0],
		"menuScale": 1.0,
		"dragScale": 2.0,
		"targetScale": 1.0,
		"zOrder": -1,
		"categoryId": "arms",
		"assetFilename": "assets/arms/arm_left_03.png",
		"useColourHue": true
	},
	{
		"id": "armRight03",
		"targetAnchor": "armRight",
		"offset": [5.0,0.0],
		"snapRange": [100.0,100.0],
		"menuScale": 1.0,
		"dragScale": 2.0,
		"targetScale": 1.0,
		"zOrder": -1,
		"categoryId": "arms",
		"assetFilename": "assets/arms/arm_right_03.png",
		"useColourHue": true
	},
	{
		"id": "armLeft04",
		"targetAnchor": "armLeft",
		"offset": [-10.0,0.0],
		"snapRange": [100.0,100.0],
		"menuScale": 1.0,
		"dragScale": 2.0,
		"targetScale": 1.0,
		"zOrder": -1,
		"categoryId": "arms",
		"assetFilename": "assets/arms/arm_left_04.png",
		"useColourHue": true
	},
	{
		"id": "armRight04",
		"targetAnchor": "armRight",
		"offset": [10.0,0.0],
		"snapRange": [100.0,100.0],
		"menuScale": 1.0,
		"dragScale": 2.0,
		"targetScale": 1.0,
		"zOrder": -1,
		"categoryId": "arms",
		"assetFilename": "assets/arms/arm_right_04.png",
		"useColourHue": true
	},
	{
		"id": "armLeft05",
		"targetAnchor": "armLeft",
		"offset": [-10.0,0.0],
		"snapRange": [100.0,100.0],
		"menuScale": 1.0,
		"dragScale": 2.0,
		"targetScale": 1.0,
		"zOrder": -1,
		"categoryId": "arms",
		"assetFilename": "assets/arms/arm_left_05.png",
		"useColourHue": true
	},
	{
		"id": "armRight05",
		"targetAnchor": "armRight",
		"offset": [10.0,0.0],
		"snapRange": [100.0,100.0],
		"menuScale": 1.0,
		"dragScale": 2.0,
		"targetScale": 1.0,
		"zOrder": -1,
		"categoryId": "arms",
		"assetFilename": "assets/arms/arm_right_05.png",
		"useColourHue": true
	},
	{
		"id": "armLeft06",
		"targetAnchor": "armLeft",
		"offset": [-5.0,0.0],
		"snapRange": [100.0,100.0],
		"menuScale": 1.0,
		"dragScale": 2.0,
		"targetScale": 1.0,
		"zOrder": -1,
		"categoryId": "arms",
		"assetFilename": "assets/arms/arm_left_06.png",
		"useColourHue": true
	},
	{
		"id": "armRight06",
		"targetAnchor": "armRight",
		"offset": [5.0,0.0],
		"snapRange": [100.0,100.0],
		"menuScale": 1.0,
		"dragScale": 2.0,
		"targetScale": 1.0,
		"zOrder": -1,
		"categoryId": "arms",
		"assetFilename": "assets/arms/arm_right_06.png",
		"useColourHue": true
	},
	{
		"id": "armLeft07",
		"targetAnchor": "armLeft",
		"offset": [5.0,-15.0],
		"snapRange": [100.0,100.0],
		"menuScale": 1.0,
		"dragScale": 2.0,
		"targetScale": 1.0,
		"zOrder": 5,
		"categoryId": "arms",
		"assetFilename": "assets/arms/arm_left_07.png",
		"useColourHue": true
	},
	{
		"id": "armRight07",
		"targetAnchor": "armRight",
		"offset": [-5.0,-15.0],
		"snapRange": [100.0,100.0],
		"menuScale": 1.0,
		"dragScale": 2.0,
		"targetScale": 1.0,
		"zOrder": 5,
		"categoryId": "arms",
		"assetFilename": "assets/arms/arm_right_07.png",
		"useColourHue": true
	},
	{
		"id": "armLeft08",
		"targetAnchor": "armLeft",
		"offset": [50.0,-55.0],
		"snapRange": [100.0,100.0],
		"menuScale": 1.0,
		"dragScale": 2.0,
		"targetScale": 1.0,
		"zOrder": 5,
		"categoryId": "arms",
		"assetFilename": "assets/arms/arm_left_08.png",
		"useColourHue": true
	},
	{
		"id": "armRight08",
		"targetAnchor": "armRight",
		"offset": [-50.0,-55.0],
		"snapRange": [100.0,100.0],
		"menuScale": 1.0,
		"dragScale": 2.0,
		"targetScale": 1.0,
		"zOrder": 5,
		"categoryId": "arms",
		"assetFilename": "assets/arms/arm_right_08.png",
		"useColourHue": true
	}
]
}