{
	"items":
[
	{
		"id": "ears01",
		"targetAnchor": "ears",
		"offset": [0.0,0.0],
		"snapRange": [100.0,100.0],
		"menuScale": 1.0,
		"dragScale": 2.0,
		"targetScale": 1.0,
		"zOrder": -1,
		"categoryId": "ears",
		"assetFilename": "assets/ears/ears_01.png",
		"useColourHue": true
	},
	{
		"id": "ears02",
		"targetAnchor": "ears",
		"offset": [0.0,-65.0],
		"snapRange": [100.0,100.0],
		"menuScale": 1.0,
		"dragScale": 2.0,
		"targetScale": 1.0,
		"zOrder": -1,
		"categoryId": "ears",
		"assetFilename": "assets/ears/ears_02.png",
		"useColourHue": true
	},
	{
		"id": "ears03",
		"targetAnchor": "ears",
		"offset": [0.0,-20.0],
		"snapRange": [100.0,100.0],
		"menuScale": 1.0,
		"dragScale": 2.0,
		"targetScale": 1.0,
		"zOrder": -1,
		"categoryId": "ears",
		"assetFilename": "assets/ears/ears_03.png",
		"useColourHue": true
	},
	{
		"id": "ears04",
		"targetAnchor": "ears",
		"offset": [0.0,-30.0],
		"snapRange": [100.0,100.0],
		"menuScale": 1.0,
		"dragScale": 2.0,
		"targetScale": 1.0,
		"zOrder": -1,
		"categoryId": "ears",
		"assetFilename": "assets/ears/ears_04.png",
		"useColourHue": true
	},
	{
		"id": "ears05",
		"targetAnchor": "ears",
		"offset": [0.0,0.0],
		"snapRange": [100.0,100.0],
		"menuScale": 1.0,
		"dragScale": 2.0,
		"targetScale": 1.0,
		"zOrder": -1,
		"categoryId": "ears",
		"assetFilename": "assets/ears/ears_05.png",
		"useColourHue": true
	},
	{
		"id": "ears06",
		"targetAnchor": "ears",
		"offset": [0.0,-30.0],
		"snapRange": [100.0,100.0],
		"menuScale": 0.75,
		"dragScale": 2.0,
		"targetScale": 1.0,
		"zOrder": -1,
		"categoryId": "ears",
		"assetFilename": "assets/ears/ears_06.png",
		"useColourHue": true
	},
	{
		"id": "ears07",
		"targetAnchor": "ears",
		"offset": [0.0,0.0],
		"snapRange": [100.0,100.0],
		"menuScale": 1.0,
		"dragScale": 2.0,
		"targetScale": 1.0,
		"zOrder": -1,
		"categoryId": "ears",
		"assetFilename": "assets/ears/ears_07.png",
		"useColourHue": true
	},
	{
		"id": "ears08",
		"targetAnchor": "ears",
		"offset": [0.0,0.0],
		"snapRange": [100.0,100.0],
		"menuScale": 1.0,
		"dragScale": 2.0,
		"targetScale": 1.0,
		"zOrder": -1,
		"categoryId": "ears",
		"assetFilename": "assets/ears/ears_08.png",
		"useColourHue": true
	},
	{
		"id": "ears09",
		"targetAnchor": "ears",
		"offset": [0.0,0.0],
		"snapRange": [100.0,100.0],
		"menuScale": 1.0,
		"dragScale": 2.0,
		"targetScale": 1.0,
		"zOrder": -1,
		"categoryId": "ears",
		"assetFilename": "assets/ears/ears_09.png",
		"useColourHue": true
	}
]
}