{
	"items":
[
	{
		"id": "face01",
		"targetAnchor": "face",
		"offset": [0.0,0.0],
		"snapRange": [100.0,100.0],
		"menuScale": 1.0,
		"dragScale": 2.0,
		"targetScale": 1.0,
		"zOrder": 2,
		"categoryId": "faces",
		"assetFilename": "assets/face/face_01.png"
	},
	{
		"id": "face02",
		"targetAnchor": "face",
		"offset": [0.0,0.0],
		"snapRange": [100.0,100.0],
		"menuScale": 1.0,
		"dragScale": 2.0,
		"targetScale": 1.0,
		"zOrder": 2,
		"categoryId": "faces",
		"assetFilename": "assets/face/face_02.png"
	},
	{
		"id": "face03",
		"targetAnchor": "face",
		"offset": [0.0,0.0],
		"snapRange": [100.0,100.0],
		"menuScale": 1.0,
		"dragScale": 2.0,
		"targetScale": 1.0,
		"zOrder": 2,
		"categoryId": "faces",
		"assetFilename": "assets/face/face_03.png"
	},
	{
		"id": "face04",
		"targetAnchor": "face",
		"offset": [0.0,0.0],
		"snapRange": [100.0,100.0],
		"menuScale": 1.0,
		"dragScale": 2.0,
		"targetScale": 1.0,
		"zOrder": 2,
		"categoryId": "faces",
		"assetFilename": "assets/face/face_04.png"
	},
	{
		"id": "face05",
		"targetAnchor": "face",
		"offset": [0.0,0.0],
		"snapRange": [100.0,100.0],
		"menuScale": 1.0,
		"dragScale": 2.0,
		"targetScale": 1.0,
		"zOrder": 2,
		"categoryId": "faces",
		"assetFilename": "assets/face/face_05.png"
	},
	{
		"id": "face06",
		"targetAnchor": "face",
		"offset": [0.0,0.0],
		"snapRange": [100.0,100.0],
		"menuScale": 1.0,
		"dragScale": 2.0,
		"targetScale": 1.0,
		"zOrder": 2,
		"categoryId": "faces",
		"assetFilename": "assets/face/face_06.png"
	},
	{
		"id": "face01",
		"targetAnchor": "face",
		"offset": [0.0,0.0],
		"snapRange": [100.0,100.0],
		"menuScale": 1.0,
		"dragScale": 2.0,
		"targetScale": 1.0,
		"zOrder": 2,
		"categoryId": "faces",
		"assetFilename": "assets/face/face_01.png"
	},
	{
		"id": "face07",
		"targetAnchor": "face",
		"offset": [0.0,0.0],
		"snapRange": [100.0,100.0],
		"menuScale": 1.0,
		"dragScale": 2.0,
		"targetScale": 1.0,
		"zOrder": 2,
		"categoryId": "faces",
		"assetFilename": "assets/face/face_07.png"
	},
	{
		"id": "face08",
		"targetAnchor": "face",
		"offset": [0.0,0.0],
		"snapRange": [100.0,100.0],
		"menuScale": 1.0,
		"dragScale": 2.0,
		"targetScale": 1.0,
		"zOrder": 2,
		"categoryId": "faces",
		"assetFilename": "assets/face/face_08.png"
	},
	{
		"id": "face09",
		"targetAnchor": "face",
		"offset": [0.0,0.0],
		"snapRange": [100.0,100.0],
		"menuScale": 1.0,
		"dragScale": 2.0,
		"targetScale": 1.0,
		"zOrder": 2,
		"categoryId": "faces",
		"assetFilename": "assets/face/face_09.png"
	},
	{
		"id": "face10",
		"targetAnchor": "face",
		"offset": [0.0,0.0],
		"snapRange": [100.0,100.0],
		"menuScale": 1.0,
		"dragScale": 2.0,
		"targetScale": 1.0,
		"zOrder": 2,
		"categoryId": "faces",
		"assetFilename": "assets/face/face_10.png"
	},
	{
		"id": "face11",
		"targetAnchor": "face",
		"offset": [0.0,0.0],
		"snapRange": [100.0,100.0],
		"menuScale": 1.0,
		"dragScale": 2.0,
		"targetScale": 1.0,
		"zOrder": 2,
		"categoryId": "faces",
		"assetFilename": "assets/face/face_11.png"
	},
	{
		"id": "face12",
		"targetAnchor": "face",
		"offset": [0.0,0.0],
		"snapRange": [100.0,100.0],
		"menuScale": 1.0,
		"dragScale": 2.0,
		"targetScale": 1.0,
		"zOrder": 2,
		"categoryId": "faces",
		"assetFilename": "assets/face/face_12.png"
	},
	{
		"id": "face13",
		"targetAnchor": "face",
		"offset": [0.0,0.0],
		"snapRange": [100.0,100.0],
		"menuScale": 1.0,
		"dragScale": 2.0,
		"targetScale": 1.0,
		"zOrder": 2,
		"categoryId": "faces",
		"assetFilename": "assets/face/face_13.png"
	},
	{
		"id": "face14",
		"targetAnchor": "face",
		"offset": [0.0,0.0],
		"snapRange": [100.0,100.0],
		"menuScale": 1.0,
		"dragScale": 2.0,
		"targetScale": 1.0,
		"zOrder": 2,
		"categoryId": "faces",
		"assetFilename": "assets/face/face_14.png"
	},
	{
		"id": "face15",
		"targetAnchor": "face",
		"offset": [0.0,0.0],
		"snapRange": [100.0,100.0],
		"menuScale": 1.0,
		"dragScale": 2.0,
		"targetScale": 1.0,
		"zOrder": 2,
		"categoryId": "faces",
		"assetFilename": "assets/face/face_15.png"
	},
	{
		"id": "face16",
		"targetAnchor": "face",
		"offset": [0.0,0.0],
		"snapRange": [100.0,100.0],
		"menuScale": 1.0,
		"dragScale": 2.0,
		"targetScale": 1.0,
		"zOrder": 2,
		"categoryId": "faces",
		"assetFilename": "assets/face/face_16.png"
	},
	{
		"id": "face17",
		"targetAnchor": "face",
		"offset": [0.0,0.0],
		"snapRange": [100.0,100.0],
		"menuScale": 1.0,
		"dragScale": 2.0,
		"targetScale": 1.0,
		"zOrder": 2,
		"categoryId": "faces",
		"assetFilename": "assets/face/face_17.png"
	},
	{
		"id": "face18",
		"targetAnchor": "face",
		"offset": [0.0,0.0],
		"snapRange": [100.0,100.0],
		"menuScale": 1.0,
		"dragScale": 2.0,
		"targetScale": 1.0,
		"zOrder": 2,
		"categoryId": "faces",
		"assetFilename": "assets/face/face_18.png"
	},
	{
		"id": "face19",
		"targetAnchor": "face",
		"offset": [0.0,0.0],
		"snapRange": [100.0,100.0],
		"menuScale": 1.0,
		"dragScale": 2.0,
		"targetScale": 1.0,
		"zOrder": 2,
		"categoryId": "faces",
		"assetFilename": "assets/face/face_19.png"
	},
	{
		"id": "face20",
		"targetAnchor": "face",
		"offset": [0.0,0.0],
		"snapRange": [100.0,100.0],
		"menuScale": 1.0,
		"dragScale": 2.0,
		"targetScale": 1.0,
		"zOrder": 2,
		"categoryId": "faces",
		"assetFilename": "assets/face/face_20.png"
	}
]
}