{
	"items":
[
	{
		"id": "face01",
		"targetAnchor": "face",
		"offset": [0.0,-15.0],
		"snapRange": [100.0,100.0],
		"menuScale": 1.0,
		"dragScale": 2.0,
		"targetScale": 1.0,
		"zOrder": 4,
		"categoryId": "faces",
		"iconFilename": "assets/faces/Eyes_Brown.png",
		"assetSet": {
			"shadowEyes": ["assets/faces/Eyes_Shadow.png",0],
			"none": ["assets/faces/Eyes_Brown.png",1]
		},
		"useColourHue": true
	},
	{
		"id": "face02",
		"targetAnchor": "face",
		"offset": [0.0,-15.0],
		"snapRange": [100.0,100.0],
		"menuScale": 1.0,
		"dragScale": 2.0,
		"targetScale": 1.0,
		"zOrder": 4,
		"categoryId": "faces",
		"iconFilename": "assets/faces/Eyes_Black.png",
		"assetSet": {
			"shadowEyes": ["assets/faces/Eyes_Shadow.png",0],
			"none": ["assets/faces/Eyes_Black.png",1]
		},
		"useColourHue": true
	},
	{
		"id": "face03",
		"targetAnchor": "face",
		"offset": [0.0,-15.0],
		"snapRange": [100.0,100.0],
		"menuScale": 1.0,
		"dragScale": 2.0,
		"targetScale": 1.0,
		"zOrder": 4,
		"categoryId": "faces",
		"iconFilename": "assets/faces/Eyes_Brown_2.png",
		"assetSet": {
			"gloss": ["assets/faces/Eyes_Shadow_2.png",0],
			"highlight": ["assets/faces/Oomee_Cheeks.png",1],
			"none": ["assets/faces/Eyes_Brown_2.png",2]
		},
		"useColourHue": true
	},
	{
		"id": "face04",
		"targetAnchor": "face",
		"offset": [0.0,-15.0],
		"snapRange": [100.0,100.0],
		"menuScale": 1.0,
		"dragScale": 2.0,
		"targetScale": 1.0,
		"zOrder": 4,
		"categoryId": "faces",
		"iconFilename": "assets/faces/EyesMouth03.png",
		"assetSet": {
			"shadowEyes": ["assets/faces/EyesShadow03.png",0],
			"none": ["assets/faces/EyesMouth03.png",1]
		},
		"useColourHue": true
	},
	{
		"id": "face05",
		"targetAnchor": "face",
		"offset": [0.0,-15.0],
		"snapRange": [100.0,100.0],
		"menuScale": 1.0,
		"dragScale": 2.0,
		"targetScale": 1.0,
		"zOrder": 4,
		"categoryId": "faces",
		"iconFilename": "assets/faces/Eyes_Mouth_Black.png",
		"assetSet": {
			"shadowEyes": ["assets/faces/Eyes_Shadow.png",0],
			"none": ["assets/faces/Eyes_Mouth_Black.png",1]
		},
		"useColourHue": true
	},
	{
		"id": "face06",
		"targetAnchor": "face",
		"offset": [0.0,-15.0],
		"snapRange": [100.0,100.0],
		"menuScale": 1.0,
		"dragScale": 2.0,
		"targetScale": 1.0,
		"zOrder": 4,
		"categoryId": "faces",
		"iconFilename": "assets/faces/EyesMouth04.png",
		"assetSet": {
			"shadowEyes": ["assets/faces/EyesShadow07.png",0],
			"none": ["assets/faces/EyesMouth04.png",1]
		},
		"useColourHue": true
	},
	{
		"id": "face07",
		"targetAnchor": "face",
		"offset": [0.0,-15.0],
		"snapRange": [100.0,100.0],
		"menuScale": 1.0,
		"dragScale": 2.0,
		"targetScale": 1.0,
		"zOrder": 4,
		"categoryId": "faces",
		"iconFilename": "assets/faces/EyesBlack03.png",
		"assetSet": {
			"none": ["assets/faces/EyesBlack03.png",0]
		},
		"useColourHue": true
	},
	{
		"id": "face08",
		"targetAnchor": "face",
		"offset": [0.0,-15.0],
		"snapRange": [100.0,100.0],
		"menuScale": 1.0,
		"dragScale": 2.0,
		"targetScale": 1.0,
		"zOrder": 4,
		"categoryId": "faces",
		"iconFilename": "assets/faces/EyesMouth05.png",
		"assetSet": {
			"none": ["assets/faces/EyesMouth05.png",0]
		},
		"useColourHue": true
	},
	{
		"id": "face09",
		"targetAnchor": "face",
		"offset": [0.0,-15.0],
		"snapRange": [100.0,100.0],
		"menuScale": 1.0,
		"dragScale": 2.0,
		"targetScale": 1.0,
		"zOrder": 4,
		"categoryId": "faces",
		"iconFilename": "assets/faces/EyesMouthBlack02.png",
		"assetSet": {
			"shadowEyes": ["assets/faces/EyesShadow05.png",0],
			"none": ["assets/faces/EyesMouthBlack02.png",1]
		},
		"useColourHue": true
	},
	{
		"id": "face10",
		"targetAnchor": "face",
		"offset": [0.0,-15.0],
		"snapRange": [100.0,100.0],
		"menuScale": 1.0,
		"dragScale": 2.0,
		"targetScale": 1.0,
		"zOrder": 4,
		"categoryId": "faces",
		"iconFilename": "assets/faces/EyesMouth06.png",
		"assetSet": {
			"none": ["assets/faces/EyesMouth06.png",0]
		},
		"useColourHue": true
	},
	{
		"id": "face11",
		"targetAnchor": "face",
		"offset": [0.0,-15.0],
		"snapRange": [100.0,100.0],
		"menuScale": 1.0,
		"dragScale": 2.0,
		"targetScale": 1.0,
		"zOrder": 4,
		"categoryId": "faces",
		"iconFilename": "assets/faces/EyesMouth07.png",
		"assetSet": {
			"none": ["assets/faces/EyesMouth07.png",0]
		},
		"useColourHue": true
	},
	{
		"id": "face12",
		"targetAnchor": "face",
		"offset": [0.0,-15.0],
		"snapRange": [100.0,100.0],
		"menuScale": 1.0,
		"dragScale": 2.0,
		"targetScale": 1.0,
		"zOrder": 4,
		"categoryId": "faces",
		"iconFilename": "assets/faces/EyesMouth08.png",
		"assetSet": {
			"shadowEyes": ["assets/faces/EyesMouth08_Shadow.png",0],
			"none": ["assets/faces/EyesMouth08.png",1]
		},
		"useColourHue": true
	}

]
}