{
	"items":
[
	{
		"id": "hat01",
		"targetAnchor": "head",
		"offset": [0.0,0.0],
		"snapRange": [100.0,100.0],
		"menuScale": 1.0,
		"dragScale": 2.0,
		"targetScale": 1.0,
		"zOrder": 6,
		"categoryId": "hats",
		"iconFilename": "assets/accessories/Hat1.png",
		"assetSet": {
			"base": ["assets/accessories/Hat1.png",0]
		},
		"useColourHue": false
	},
	{
		"id": "hat02",
		"targetAnchor": "head",
		"offset": [0.0,0.0],
		"snapRange": [100.0,100.0],
		"menuScale": 1.0,
		"dragScale": 2.0,
		"targetScale": 1.0,
		"zOrder": 6,
		"categoryId": "hats",
		"iconFilename": "assets/accessories/Hat2.png",
		"assetSet": {
			"base": ["assets/accessories/Hat2.png",0]
		},
		"useColourHue": false
	},
	{
		"id": "hat03",
		"targetAnchor": "head",
		"offset": [0.0,0.0],
		"snapRange": [100.0,100.0],
		"menuScale": 1.0,
		"dragScale": 2.0,
		"targetScale": 1.0,
		"zOrder": 6,
		"categoryId": "hats",
		"iconFilename": "assets/accessories/Hat3.png",
		"assetSet": {
			"base": ["assets/accessories/Hat3.png",0]
		},
		"useColourHue": false
	},
	{
		"id": "hat04",
		"targetAnchor": "head",
		"offset": [0.0,0.0],
		"snapRange": [100.0,100.0],
		"menuScale": 1.0,
		"dragScale": 2.0,
		"targetScale": 1.0,
		"zOrder": 6,
		"categoryId": "hats",
		"iconFilename": "assets/accessories/Hat4.png",
		"assetSet": {
			"base": ["assets/accessories/Hat4.png",0]
		},
		"useColourHue": false
	},
	{
		"id": "hat05",
		"targetAnchor": "head",
		"offset": [0.0,0.0],
		"snapRange": [100.0,100.0],
		"menuScale": 1.0,
		"dragScale": 2.0,
		"targetScale": 1.0,
		"zOrder": 6,
		"categoryId": "hats",
		"iconFilename": "assets/accessories/Hat5.png",
		"assetSet": {
			"base": ["assets/accessories/Hat5.png",0]
		},
		"useColourHue": false
	},
	{
		"id": "hat06",
		"targetAnchor": "head",
		"offset": [0.0,0.0],
		"snapRange": [100.0,100.0],
		"menuScale": 1.0,
		"dragScale": 2.0,
		"targetScale": 1.0,
		"zOrder": 6,
		"categoryId": "hats",
		"iconFilename": "assets/accessories/Hat6.png",
		"assetSet": {
			"base": ["assets/accessories/Hat6.png",0]
		},
		"useColourHue": false
	},
	{
		"id": "hat07",
		"targetAnchor": "head",
		"offset": [0.0,0.0],
		"snapRange": [100.0,100.0],
		"menuScale": 1.0,
		"dragScale": 2.0,
		"targetScale": 1.0,
		"zOrder": 6,
		"categoryId": "hats",
		"iconFilename": "assets/accessories/Hat7.png",
		"assetSet": {
			"base": ["assets/accessories/Hat7.png",0]
		},
		"useColourHue": false
	},
	{
		"id": "hat08",
		"targetAnchor": "head",
		"offset": [0.0,0.0],
		"snapRange": [100.0,100.0],
		"menuScale": 1.0,
		"dragScale": 2.0,
		"targetScale": 1.0,
		"zOrder": 6,
		"categoryId": "hats",
		"iconFilename": "assets/accessories/Hat8.png",
		"assetSet": {
			"base": ["assets/accessories/Hat8.png",0]
		},
		"useColourHue": false
	},
	{
		"id": "hat09",
		"targetAnchor": "head",
		"offset": [0.0,0.0],
		"snapRange": [100.0,100.0],
		"menuScale": 1.0,
		"dragScale": 2.0,
		"targetScale": 1.0,
		"zOrder": 6,
		"categoryId": "hats",
		"iconFilename": "assets/accessories/Hat9.png",
		"assetSet": {
			"base": ["assets/accessories/Hat9.png",0]
		},
		"useColourHue": false
	},
	{
		"id": "hat10",
		"targetAnchor": "head",
		"offset": [0.0,0.0],
		"snapRange": [100.0,100.0],
		"menuScale": 1.0,
		"dragScale": 2.0,
		"targetScale": 1.0,
		"zOrder": 6,
		"categoryId": "hats",
		"iconFilename": "assets/accessories/Hat10.png",
		"assetSet": {
			"base": ["assets/accessories/Hat10.png",0]
		},
		"useColourHue": false
	},
	{
		"id": "hat11",
		"targetAnchor": "head",
		"offset": [0.0,0.0],
		"snapRange": [100.0,100.0],
		"menuScale": 1.0,
		"dragScale": 2.0,
		"targetScale": 1.0,
		"zOrder": 6,
		"categoryId": "hats",
		"iconFilename": "assets/accessories/Hat11.png",
		"assetSet": {
			"base": ["assets/accessories/Hat11.png",0]
		},
		"useColourHue": false
	},
	{
		"id": "hat12",
		"targetAnchor": "head",
		"offset": [0.0,0.0],
		"snapRange": [100.0,100.0],
		"menuScale": 1.0,
		"dragScale": 2.0,
		"targetScale": 1.0,
		"zOrder": 6,
		"categoryId": "hats",
		"iconFilename": "assets/accessories/Hat12.png",
		"assetSet": {
			"base": ["assets/accessories/Hat12.png",0]
		},
		"useColourHue": false
	}
]
}