{
	"items":
[
	{
		"id": "necklace01",
		"targetAnchor": "neck",
		"offset": [0.0,0.0],
		"snapRange": [100.0,100.0],
		"menuScale": 1.0,
		"dragScale": 2.0,
		"targetScale": 1.0,
		"zOrder": 5,
		"categoryId": "necklaces",
		"assetFilename": "assets/necklaces/necklace_01.png"
	},
	{
		"id": "necklace02",
		"targetAnchor": "neck",
		"offset": [0.0,0.0],
		"snapRange": [100.0,100.0],
		"menuScale": 1.0,
		"dragScale": 2.0,
		"targetScale": 1.0,
		"zOrder": 5,
		"categoryId": "necklaces",
		"assetFilename": "assets/necklaces/necklace_02.png"
	},
	{
		"id": "necklace03",
		"targetAnchor": "neck",
		"offset": [0.0,-20.0],
		"snapRange": [100.0,100.0],
		"menuScale": 1.0,
		"dragScale": 2.0,
		"targetScale": 1.0,
		"zOrder": 5,
		"categoryId": "necklaces",
		"assetFilename": "assets/necklaces/necklace_03.png"
	},
	{
		"id": "necklace04",
		"targetAnchor": "neck",
		"offset": [0.0,0.0],
		"snapRange": [100.0,100.0],
		"menuScale": 1.0,
		"dragScale": 2.0,
		"targetScale": 1.0,
		"zOrder": 5,
		"categoryId": "necklaces",
		"assetFilename": "assets/necklaces/necklace_04.png"
	},
	{
		"id": "necklace05",
		"targetAnchor": "neck",
		"offset": [0.0,0.0],
		"snapRange": [100.0,100.0],
		"menuScale": 1.0,
		"dragScale": 2.0,
		"targetScale": 1.0,
		"zOrder": 5,
		"categoryId": "necklaces",
		"assetFilename": "assets/necklaces/necklace_05.png"
	},
	{
		"id": "necklace06",
		"targetAnchor": "neck",
		"offset": [0.0,0.0],
		"snapRange": [100.0,100.0],
		"menuScale": 1.0,
		"dragScale": 2.0,
		"targetScale": 1.0,
		"zOrder": 5,
		"categoryId": "necklaces",
		"assetFilename": "assets/necklaces/necklace_06.png"
	},
	{
		"id": "necklace07",
		"targetAnchor": "neck",
		"offset": [0.0,35.0],
		"snapRange": [100.0,100.0],
		"menuScale": 1.0,
		"dragScale": 2.0,
		"targetScale": 1.0,
		"zOrder": 5,
		"categoryId": "necklaces",
		"assetFilename": "assets/necklaces/necklace_07.png"
	},
	{
		"id": "necklace08",
		"targetAnchor": "neck",
		"offset": [0.0,-10.0],
		"snapRange": [100.0,100.0],
		"menuScale": 1.0,
		"dragScale": 2.0,
		"targetScale": 1.0,
		"zOrder": 5,
		"categoryId": "necklaces",
		"assetFilename": "assets/necklaces/necklace_08.png"
	},
	{
		"id": "necklace09",
		"targetAnchor": "neck",
		"offset": [0.0,-10.0],
		"snapRange": [100.0,100.0],
		"menuScale": 1.0,
		"dragScale": 2.0,
		"targetScale": 1.0,
		"zOrder": 5,
		"categoryId": "necklaces",
		"assetFilename": "assets/necklaces/necklace_09.png"
	},
	{
		"id": "necklace10",
		"targetAnchor": "neck",
		"offset": [0.0,-10.0],
		"snapRange": [100.0,100.0],
		"menuScale": 1.0,
		"dragScale": 2.0,
		"targetScale": 1.0,
		"zOrder": 5,
		"categoryId": "necklaces",
		"assetFilename": "assets/necklaces/necklace_10.png"
	},
	{
		"id": "necklace11",
		"targetAnchor": "neck",
		"offset": [0.0,60.0],
		"snapRange": [100.0,100.0],
		"menuScale": 1.0,
		"dragScale": 2.0,
		"targetScale": 1.0,
		"zOrder": 5,
		"categoryId": "necklaces",
		"assetFilename": "assets/necklaces/necklace_11.png"
	},
	{
		"id": "necklace12",
		"targetAnchor": "neck",
		"offset": [0.0,40.0],
		"snapRange": [100.0,100.0],
		"menuScale": 1.0,
		"dragScale": 2.0,
		"targetScale": 1.0,
		"zOrder": 5,
		"categoryId": "necklaces",
		"assetFilename": "assets/necklaces/necklace_12.png"
	},
	{
		"id": "necklace13",
		"targetAnchor": "neck",
		"offset": [0.0,30.0],
		"snapRange": [100.0,100.0],
		"menuScale": 1.0,
		"dragScale": 2.0,
		"targetScale": 1.0,
		"zOrder": 5,
		"categoryId": "necklaces",
		"assetFilename": "assets/necklaces/necklace_13.png"
	},
	{
		"id": "necklace14",
		"targetAnchor": "neck",
		"offset": [0.0,40.0],
		"snapRange": [100.0,100.0],
		"menuScale": 1.0,
		"dragScale": 2.0,
		"targetScale": 1.0,
		"zOrder": 5,
		"categoryId": "necklaces",
		"assetFilename": "assets/necklaces/necklace_14.png"
	},
	{
		"id": "necklace15",
		"targetAnchor": "neck",
		"offset": [25.0,20.0],
		"snapRange": [100.0,100.0],
		"menuScale": 1.0,
		"dragScale": 2.0,
		"targetScale": 1.0,
		"zOrder": 5,
		"categoryId": "necklaces",
		"assetFilename": "assets/necklaces/necklace_15.png"
	},
	{
		"id": "necklace16",
		"targetAnchor": "neck",
		"offset": [25.0,20.0],
		"snapRange": [100.0,100.0],
		"menuScale": 1.0,
		"dragScale": 2.0,
		"targetScale": 1.0,
		"zOrder": 5,
		"categoryId": "necklaces",
		"assetFilename": "assets/necklaces/necklace_16.png"
	},
	{
		"id": "necklace17",
		"targetAnchor": "neck",
		"offset": [0.0,30.0],
		"snapRange": [100.0,100.0],
		"menuScale": 1.0,
		"dragScale": 2.0,
		"targetScale": 1.0,
		"zOrder": 5,
		"categoryId": "necklaces",
		"assetFilename": "assets/necklaces/necklace_17.png"
	},
	{
		"id": "necklace18",
		"targetAnchor": "neck",
		"offset": [0.0,20.0],
		"snapRange": [100.0,100.0],
		"menuScale": 1.0,
		"dragScale": 2.0,
		"targetScale": 1.0,
		"zOrder": 5,
		"categoryId": "necklaces",
		"assetFilename": "assets/necklaces/necklace_18.png"
	},
	{
		"id": "necklace19",
		"targetAnchor": "neck",
		"offset": [0.0,15.0],
		"snapRange": [100.0,100.0],
		"menuScale": 1.0,
		"dragScale": 2.0,
		"targetScale": 1.0,
		"zOrder": 5,
		"categoryId": "necklaces",
		"assetFilename": "assets/necklaces/necklace_19.png"
	},
	{
		"id": "necklace20",
		"targetAnchor": "neck",
		"offset": [0.0,30.0],
		"snapRange": [100.0,100.0],
		"menuScale": 1.0,
		"dragScale": 2.0,
		"targetScale": 1.0,
		"zOrder": 5,
		"categoryId": "necklaces",
		"assetFilename": "assets/necklaces/necklace_20.png"
	}
]
}