{
	"items":
[
	{
		"id": "glasses01",
		"targetAnchor": "eyes",
		"offset": [0.0,0.0],
		"snapRange": [100.0,100.0],
		"menuScale": 1.0,
		"dragScale": 2.0,
		"targetScale": 1.0,
		"zOrder": 6,
		"categoryId": "objects",
		"iconFilename": "assets/accessories/Glasses1.png",
		"assetSet": {
			"base": ["assets/accessories/Glasses1.png",0]
		},
		"useColourHue": false
	},
	{
		"id": "toy01",
		"targetAnchor": "toy",
		"offset": [75.0,-5.0],
		"snapRange": [100.0,100.0],
		"menuScale": 1.0,
		"dragScale": 2.0,
		"targetScale": 1.0,
		"zOrder": 6,
		"categoryId": "objects",
		"iconFilename": "assets/accessories/Toy1.png",
		"assetSet": {
			"base": ["assets/accessories/Toy1.png",0]
		},
		"useColourHue": false,
		"dependancies": [
			"armLeft12",
			"armRight12"
		]
	},
	{
		"id": "toy02",
		"targetAnchor": "toy",
		"offset": [75.0,-5.0],
		"snapRange": [100.0,100.0],
		"menuScale": 1.0,
		"dragScale": 2.0,
		"targetScale": 1.0,
		"zOrder": 6,
		"categoryId": "objects",
		"iconFilename": "assets/accessories/Toy2.png",
		"assetSet": {
			"base": ["assets/accessories/Toy2.png",0]
		},
		"useColourHue": false,
		"dependancies": [
			"armLeft12",
			"armRight12"
		]
	},
	{
		"id": "toy03",
		"targetAnchor": "toy",
		"offset": [0.0,-20.0],
		"snapRange": [100.0,100.0],
		"menuScale": 1.0,
		"dragScale": 2.0,
		"targetScale": 1.0,
		"zOrder": 6,
		"categoryId": "objects",
		"iconFilename": "assets/accessories/Toy3.png",
		"assetSet": {
			"base": ["assets/accessories/Toy3.png",0]
		},
		"useColourHue": false,
		"dependancies": [
			"armLeft13",
			"armRight13"
		]
	},
	{
		"id": "toy04",
		"targetAnchor": "toy",
		"offset": [0.0,-20.0],
		"snapRange": [100.0,100.0],
		"menuScale": 1.0,
		"dragScale": 2.0,
		"targetScale": 1.0,
		"zOrder": 6,
		"categoryId": "objects",
		"iconFilename": "assets/accessories/Toy4.png",
		"assetSet": {
			"base": ["assets/accessories/Toy4.png",0]
		},
		"useColourHue": false,
		"dependancies": [
			"armLeft13",
			"armRight13"
		]
	},
	{
		"id": "toy05",
		"targetAnchor": "toy",
		"offset": [0.0,-20.0],
		"snapRange": [100.0,100.0],
		"menuScale": 1.0,
		"dragScale": 2.0,
		"targetScale": 1.0,
		"zOrder": 6,
		"categoryId": "objects",
		"iconFilename": "assets/accessories/Toy5.png",
		"assetSet": {
			"base": ["assets/accessories/Toy5.png",0]
		},
		"useColourHue": false,
		"dependancies": [
			"armLeft13",
			"armRight13"
		]
	},
	{
		"id": "toy06",
		"targetAnchor": "toy",
		"offset": [0.0,-20.0],
		"snapRange": [100.0,100.0],
		"menuScale": 1.0,
		"dragScale": 2.0,
		"targetScale": 1.0,
		"zOrder": 6,
		"categoryId": "objects",
		"iconFilename": "assets/accessories/Toy6.png",
		"assetSet": {
			"base": ["assets/accessories/Toy6.png",0]
		},
		"useColourHue": false,
		"dependancies": [
			"armLeft04",
			"armRight04"
		]
	},
	{
		"id": "toy07",
		"targetAnchor": "toy",
		"offset": [0.0,-20.0],
		"snapRange": [100.0,100.0],
		"menuScale": 1.0,
		"dragScale": 2.0,
		"targetScale": 1.0,
		"zOrder": 6,
		"categoryId": "objects",
		"iconFilename": "assets/accessories/Toy7.png",
		"assetSet": {
			"base": ["assets/accessories/Toy7.png",0]
		},
		"useColourHue": false,
		"dependancies": [
			"armLeft14",
			"armRight14"
		]
	},
	{
		"id": "toy08",
		"targetAnchor": "toy",
		"offset": [0.0,-20.0],
		"snapRange": [100.0,100.0],
		"menuScale": 1.0,
		"dragScale": 2.0,
		"targetScale": 1.0,
		"zOrder": 6,
		"categoryId": "objects",
		"iconFilename": "assets/accessories/Toy8.png",
		"assetSet": {
			"base": ["assets/accessories/Toy8.png",0]
		},
		"useColourHue": false,
		"dependancies": [
			"armLeft15",
			"armRight15"
		]
	}
]
}