{
 "nodeId": "PostContent_Game",
 "groupId": [
   "chat"
 ],
 "nodeSize": [
   58.5,
   72.0
 ],
 "nodeText": {
    "titleText": {
        "position": [50.0,93.0],
        "text": "Hey that was great gaming!",
        "alignment": "centre",
        "fontSize": 94,
        "colour": [255,255,255,255]
    },
    "bodyText": [
        {
          "position": [50.0,67.0],
            "text": "or have a go at",
            "alignment": "centre",
            "fontSize": 75,
            "colour": [255,255,255,255]
        }
    ]
 },
 "closeButton": false,
 "backgroundColour": [
   0,
   0,
   0
 ],
 "buttons": [
   {
     "buttonId": "startGameContent",
     "action": {
        "type":"deeplink",
        "params": {
            "location":"azoomee://post-content/<id>"
        }
     },
     "position": [
       50.0,
       31.0
     ],
     "size": [
       60.0,
       50.0
     ],
     "text": "",
     "sprite": "misc/transparent.png"
   },
   {
     "buttonId": "startGameContent",
     "action": {
        "type":"deeplink",
        "params": {
            "location":"replay"
        }
     },
     "position": [
       50.0,
       77.0
     ],
     "size": [
       47.4,
       14.0
     ],
     "text": "Play Again",
     "sprite": "misc/blue_btn.png"
   },
   {
     "buttonId": "close",
     "action": {
        "type":"internal",
        "params": {
            "location":"close"
        }
     },
     "position": [
       95.0,
       94.0
     ],
     "size": [
       6.69,
       7.0
     ],
     "text": "",
     "sprite": "misc/close.png"
   }
 ],
 "images": [
    {
        "position": [50.0,31.0],
        "size": [-1.0,50.0],
        "opacity": 255,
        "file": "<id>",
        "usingRemoteImage": true
    }
 ]
}
