{
 "nodeId": "PostContent_Game",
 "groupId": [
   "chat"
 ],
 "nodeSize": [
   72.0,
   58.5
 ],
 "nodeText": {
    "titleText": {
        "position": [50.0,93.0],
        "text": "Awesome! Want another go?",
        "alignment": "centre",
        "fontSize": 94,
        "colour": [255,255,255,255]
    },
    "bodyText": [
        {
          "position": [50.0,67.0],
            "text": "or you could watch this amazing video:",
            "alignment": "centre",
            "fontSize": 75,
            "colour": [255,255,255,255]
        },
        {
          "position": [50.0,12.5],
            "text": "<title>",
            "alignment": "centre",
            "fontSize": 94,
            "colour": [255,255,255,255]
        }
    ]
 },
 "closeButton": false,
 "backgroundColour": [
   0,
   0,
   0
 ],
 "buttons": [
   {
     "buttonId": "startGameContent",
     "action": {
        "type":"deeplink",
        "params": {
            "location":"azoomee://post-content/<id>"
        }
     },
     "position": [
       50.0,
       36.0
     ],
     "size": [
       50.0,
       40.0
     ],
     "text": "",
     "sprite": "misc/transparent.png"
   },
   {
     "buttonId": "startGameContent",
     "action": {
        "type":"deeplink",
        "params": {
            "location":"replay"
        }
     },
     "position": [
       50.0,
       77.0
     ],
     "size": [
       47.4,
       12.0
     ],
     "text": "Play Again",
     "sprite": "misc/blue_btn.png"
   },
   {
     "buttonId": "close",
     "action": {
        "type":"internal",
        "params": {
            "location":"close"
        }
     },
     "position": [
       95.0,
       95.0
     ],
     "size": [
       7.0,
       6.5
     ],
     "text": "",
     "sprite": "misc/close.png"
   }
 ],
 "images": [
    {
        "position": [50.0,36.0],
        "size": [-1.0,40.0],
        "opacity": 255,
        "file": "<id>",
        "usingRemoteImage": true
    },
    {
        "position": [50.0,36.0],
        "size": [-1.0,30.0],
        "opacity": 255,
        "file": "misc/video-play-icon.png"
    }
 ]
}
