{
 "nodeId": "PostContent_Video",
 "groupId": [
   "chat"
 ],
 "nodeSize": [
   58.5,
   67.0
 ],
 "nodeText": {
    "titleText": {
        "position": [50.0,95.0],
        "text": "That was a great video!",
        "alignment": "centre",
        "fontSize": 94,
        "colour": [255,255,255,255]
    },
    "bodyText": [
        {
          "position": [50.0,80.0],
            "text": "Why not check this out?",
            "alignment": "centre",
            "fontSize": 67,
            "colour": [255,255,255,255]
        },
        {
          "position": [50.0,70.0],
            "text": "<title>",
            "alignment": "centre",
            "fontSize": 75,
            "colour": [255,255,255,255]
        }
    ]
 },
 "closeButton": false,
 "backgroundColour": [
   0,
   0,
   0
 ],
 "buttons": [
   {
     "buttonId": "startGameContent",
     "action": {
        "type":"deeplink",
        "params": {
            "location":"azoomee://content/<id>"
        }
     },
     "position": [
       50.0,
       32.5
     ],
     "size": [
       65.0,
       51.0
     ],
     "text": "",
     "sprite": "misc/transparent.png"
   },
   {
     "buttonId": "close",
     "action": {
        "type":"internal",
        "params": {
            "location":"close"
        }
     },
     "position": [
       95.0,
       94.0
     ],
     "size": [
       6.69,
       7.52
     ],
     "text": "",
     "sprite": "misc/close.png"
   }
 ],
 "images": [
    {
        "position": [50.0,32.5],
        "size": [65.0,-1.0],
        "opacity": 255,
        "file": "<id>",
        "usingRemoteImage": true
    }
 ]
}
