{
 "nodeId": "PostContent_Video",
 "groupId": [
   "postcontent"
 ],
 "nodeSize": [
   58.5,
   72.0
 ],
 "nodeText": {
    "titleText": {
        "position": [50.0,93.0],
        "text": "That was a great video!",
        "alignment": "centre",
        "fontSize": 94,
        "colour": [255,255,255,255]
    },
    "bodyText": [
        {
          "position": [50.0,84.0],
            "text": "Here's a cool game to try:",
            "alignment": "centre",
            "fontSize": 75,
            "colour": [255,255,255,255]
        }
    ]
 },
 "closeButton": false,
 "backgroundColour": [
   0,
   0,
   0
 ],
 "buttons": [
   {
     "buttonId": "startGameContent",
     "action": {
        "type":"deeplink",
        "params": {
            "location":"azoomee://post-content/<id>"
        }
     },
     "position": [
       50.0,
       46.0
     ],
     "size": [
       65.0,
       50.0
     ],
     "text": "",
     "sprite": "misc/transparent.png"
   },
   {
     "buttonId": "close",
     "action": {
        "type":"internal",
        "params": {
            "location":"close"
        }
     },
     "position": [
       95.0,
       94.0
     ],
     "size": [
       6.69,
       7.0
     ],
     "text": "",
     "sprite": "misc/close.png"
   }
 ],
 "images": [
    {
        "position": [50.0,46.0],
        "size": [-1.0,50.0],
        "opacity": 255,
        "file": "<id>",
        "usingRemoteImage": true
    }
 ]
}
