{
 "nodeId": "coppa_privacy_notice",
 "groupId": [
   "iap_details"
 ],
 "nodeSize": [
   80.0,
   67.0
 ],
 "nodeText": { 
    "bodyText": [
        {
            "position": [50.0,95.0],
            "text": "Azoomee subscription and your childs privacy",
            "alignment": "centre",
            "fontSize": 90,
            "colour": [28,244,244,255]
        },
        {
            "position": [10.0,80.0],
            "text": "Purchasing an Azoomee subscription allows children to use Azoomee's messaging service\n(Chat). Chat allows parents and their children to send text messages, emojis, pre-made stickers\nand other images to other Azoomee users.",
            "alignment": "left",
            "fontSize": 42,
            "colour": [255,255,255,255]
        },
        {
            "position": [10.0,65.0],
            "text": "By using the chat service, it may be possible for a child to share personal information including\nhis or her name, location, images or other contact details.",
            "alignment": "left",
            "fontSize": 42,
            "colour": [255,255,255,255]
        },
        {
            "position": [10.0,55.0],
            "text": "Parental consent is required before a child can access Chat. By purchasing an Azoomee\nsubscription, you are providing your consent as a parent or guardian for children to use\nAzoomee's messaging service (Chat).",
            "alignment": "left",
            "fontSize": 42,
            "colour": [255,255,255,255]
        },
        {
            "position": [5.0,35.0],
            "text": "PRIVACY & SAFETY",
            "alignment": "left",
            "fontSize": 74,
            "colour": [28,244,244,255]
        },
        {
            "position": [5.0,25.0],
            "text": "Azoomee values your child's privacy and safety. We do not share or sell you or your child's personal\ninformation with 3rd parties, and we do not serve any advertising.",
            "alignment": "left",
            "fontSize": 42,
            "colour": [255,255,255,255]
        },
        {
            "position": [5.0,15.0],
            "text": "Please visit the Azoomee website to read our Privacy Policy and Terms of Use",
            "alignment": "left",
            "fontSize": 42,
            "colour": [255,255,255,255]
        }

    ]
 },
 "closeButton": false,
 "backgroundColour": [
   255,
   255,
   255
 ],
 "buttons": [
  {
     "buttonId": "back",
     "action": {
        "type":"flowAction",
        "params": {
            "fileName":"coppa_privacy_notice.json",
            "action": "back"
        }
     },
     "position": [
       96.5,
       94.0
     ],
     "size": [
       9.0,
       5.0
     ],
     "text": "",
     "underlined": false,
     "sprite": "misc/transparent.png"

  },
   {
     "buttonId": "privacyLink",
     "action": {
        "type":"web",
        "params": {
            "location":"privacyPolicy"
        }
     },
     "position": [
       50.4,
       15.0
     ],
     "size": [
       12.0,
       6.0
     ],
     "text": "",
     "underlined": false,
     "sprite": "misc/transparent.png"

   },
   {
     "buttonId": "termsLink",
     "action": {
        "type":"web",
        "params": {
            "location":"termsOfUse"
        }
     },
     "position": [
       66.4,
       15.0
     ],
     "size": [
       12.0,
       6.0
     ],
     "text": "",
     "underlined": false,
     "sprite": "misc/transparent.png"
   }
 ],
 "backgroundImage": {
   "displayMode": "fill",
   "file": "misc/fullscreen_glow.jpg"
 },
 "images": [
    {
      "position": [7.5,78.0],
      "size": [3.0,-1.0],
      "opacity": 255,
      "file": "misc/bulletTick.png"
   },
   {
      "position": [7.5,63.0],
      "size": [3.0,-1.0],
      "opacity": 255,
      "file": "misc/bulletTick.png"
   },
   {
      "position": [7.5,53.0],
      "size": [3.0,-1.0],
      "opacity": 255,
      "file": "misc/bulletTick.png"
   },
   {
      "position": [96.5,94.0],
      "size": [5.0,-1.0],
      "opacity": 255,
      "file": "misc/close.png"
   }
 ],
 "lines": [
    {
        "startPos": [44.4,12.0],
        "endPos": [56.4,12.0],
        "width": 5,
        "colour": [255,255,255,255]
    },
    {
        "startPos": [60.7,12.0],
        "endPos": [72.4,12.0],
        "width": 5,
        "colour": [255,255,255,255]
    }
  ]
}
