{
 "nodeId": "coppa_privacy_notice",
 "groupId": [
   "iap_details"
 ],
 "nodeSize": [
   80.0,
   67.0
 ],
 "nodeText": { 
    "bodyText": [
        {
            "position": [10.0,95.0],
            "text": "AZOOMEE PREMIUM SUBSCRIPTION",
            "alignment": "left",
            "fontSize": 94,
            "colour": [28,244,244,255]
        },
        {
            "position": [10.0,85.0],
            "text": "Unlimited access for £4.99 per month to everything while subscribed",
            "alignment": "left",
            "fontSize": 42,
            "colour": [255,255,255,255]
        },
        {
            "position": [10.0,79.0],
            "text": "Payment will be charged to iTunes Account at confirmation of purchase",
            "alignment": "left",
            "fontSize": 42,
            "colour": [255,255,255,255]
        },
        {
            "position": [10.0,73.0],
            "text": "Subscription automatically renews each month unless auto-renew is turned off at least 24-hours\nbefore the end of the current period",
            "alignment": "left",
            "fontSize": 42,
            "colour": [255,255,255,255]
        },
        {
            "position": [10.0,62.0],
            "text": "Your account will be charged for renewal withing 24-hours prior to the end of the current period\nat £4.99",
            "alignment": "left",
            "fontSize": 42,
            "colour": [255,255,255,255]
        },
        {
            "position": [10.0,51.0],
            "text": "You can manage your subscription and turn auto-renewal on or off by going to your App Store\nAccount Settings after purchase",
            "alignment": "left",
            "fontSize": 42,
            "colour": [255,255,255,255]
        },
        {
            "position": [10.0,40.0],
            "text": "Any unused portion of a free trial period, if offered, will be forfeited when you purchase a\nsubscription, where applicable",
            "alignment": "left",
            "fontSize": 42,
            "colour": [255,255,255,255]
        },
        {
            "position": [5.0,27.0],
            "text": "PRIVACY & SAFETY",
            "alignment": "left",
            "fontSize": 74,
            "colour": [28,244,244,255]
        },
        {
            "position": [5.0,20.0],
            "text": "Azoomee values your child's privacy and safety. We do not share or sell you or your child's personal\ninformation with 3rd parties, and we do not serve any advertising.",
            "alignment": "left",
            "fontSize": 42,
            "colour": [255,255,255,255]
        },
        {
            "position": [5.0,10.0],
            "text": "Please visit the Azoomee website to read our Privacy Policy and Terms of Use",
            "alignment": "left",
            "fontSize": 42,
            "colour": [255,255,255,255]
        }

    ]
 },
 "closeButton": false,
 "backgroundColour": [
   255,
   255,
   255
 ],
 "buttons": [
  {
     "buttonId": "back",
     "action": {
        "type":"flowAction",
        "params": {
            "fileName":"iap_learn_more.json",
            "action": "back"
        }
     },
     "position": [
       96.5,
       94.0
     ],
     "size": [
       9.0,
       5.0
     ],
     
     "text": "",
     "underlined": false,
     "sprite": "misc/transparent.png"

   },
   {
     "buttonId": "privacyLink",
     "action": {
        "type":"web",
        "params": {
            "location":"privacyPolicy"
        }
     },
     "position": [
       50.4,
       10.0
     ],
     "size": [
       12.0,
       6.0
     ],
     "text": "",
     "underlined": false,
     "sprite": "misc/transparent.png"

   },
   {
     "buttonId": "termsLink",
     "action": {
        "type":"web",
        "params": {
            "location":"termsOfUse"
        }
     },
     "position": [
       66.4,
       10.0
     ],
     "size": [
       12.0,
       6.0
     ],
     "text": "",
     "underlined": false,
     "sprite": "misc/transparent.png"
   }
 ],
 "backgroundImage": {
   "displayMode": "fill",
   "file": "misc/fullscreen_glow.jpg"
 },
 "images": [
    {
      "position": [7.5,83.0],
      "size": [3.0,-1.0],
      "opacity": 255,
      "file": "misc/bulletTick.png"
   },
   {
      "position": [7.5,77.0],
      "size": [3.0,-1.0],
      "opacity": 255,
      "file": "misc/bulletTick.png"
   },
   {
      "position": [7.5,71.0],
      "size": [3.0,-1.0],
      "opacity": 255,
      "file": "misc/bulletTick.png"
   },
   {
      "position": [7.5,60.0],
      "size": [3.0,-1.0],
      "opacity": 255,
      "file": "misc/bulletTick.png"
   },
   {
      "position": [7.5,49.0],
      "size": [3.0,-1.0],
      "opacity": 255,
      "file": "misc/bulletTick.png"
   },
   {
      "position": [7.5,38.0],
      "size": [3.0,-1.0],
      "opacity": 255,
      "file": "misc/bulletTick.png"
   },
   {
      "position": [96.5,94.0],
      "size": [5.0,-1.0],
      "opacity": 255,
      "file": "misc/close.png"
   }
 ],
 "lines": [
    {
        "startPos": [44.4,7.0],
        "endPos": [56.4,7.0],
        "width": 5,
        "colour": [255,255,255,255]
    },
    {
        "startPos": [60.7,7.0],
        "endPos": [72.4,7.0],
        "width": 5,
        "colour": [255,255,255,255]
    }
  ]
}
