{
 "nodeId": "iap_age_gate",
 "groupId": [
   "upgrade"
 ],
 "nodeSize": [
   70.0,
   57.0
 ],
 "nodeText": {
    "titleText": {
        "position": [50.0,90.0],
        "text": "This is for grown ups.\nPlease answer this question to continue;",
        "alignment": "centre",
        "fontSize": 80,
        "colour": [0,0,0,255]
    },
    "bodyText": [
        {
            "position": [50.0,65.0],
            "text": "What is <val1> x <val2>?",
            "alignment": "centre",
            "fontSize": 80,
            "colour": [0,0,0,255]

        }
    ]
 },
 "closeButton": false,
 "backgroundColour": [
   255,
   255,
   255
 ],
 "buttons": [
   {
     "buttonId": "ans1",
     "action": {
        "type":"flowAction",
        "params": {
            "fileName":"iap_age_gate.json",
            "action": "next",
            "value":"<ans1>",
            "path": "<path>"
        }
     },
     "position": [
       25.0,
       45.0
     ],
     "size": [
       20.0,
       15.0
     ],
     "text": "<ans1>"
   },
   {
     "buttonId": "ans2",
     "action": {
        "type":"flowAction",
        "params": {
            "fileName":"iap_age_gate.json",
            "action": "next",
            "value":"<ans2>",
            "path": "<path>"
        }
     },
     "position": [
       50.0,
       45.0
     ],
     "size": [
       20.0,
       15.0
     ],
     "text": "<ans2>"
   },
   {
     "buttonId": "ans3",
     "action": {
        "type":"flowAction",
        "params": {
            "fileName":"iap_age_gate.json",
            "action": "next",
            "value":"<ans3>",
            "path": "<path>"
        }
     },
     "position": [
       75.0,
       45.0
     ],
     "size": [
       20.0,
       15.0
     ],
     "text": "<ans3>"
   },
   {
     "buttonId": "back",
     "action": {
        "type":"flowAction",
        "params": {
            "fileName":"iap_age_gate.json",
            "action": "back"
        }
     },
     "position": [
       50.0,
       20.0
     ],
     "size": [
       20.0,
       15.0
     ],
     "text": "Back",
     "underlined": true,
     "sprite": "misc/transparent.png"
   }
 ],
 "backgroundImage": {
   "displayMode": "fill",
   "file": "misc/light_blue_gradient.png"
 }
}
