{
 "nodeId": "coppa_privacy_notice",
 "groupId": [
   "iap_details"
 ],
 "nodeSize": [
   67.0,
   70.0
 ],
 "nodeText": { 
    "bodyText": [
        {
            "position": [50.0,95.0],
            "text": "Azoomee subscription\nand your childs privacy",
            "alignment": "centre",
            "fontSize": 90,
            "colour": [28,244,244,255]
        },
        {
            "position": [10.0,80.0],
            "text": "Purchasing an Azoomee subscription allows children to use\nAzoomee's messaging service (Chat). Chat allows parents\nand their children to send text messages, emojis, pre-made\nstickers and other images to other Azoomee users.",
            "alignment": "left",
            "fontSize": 42,
            "colour": [255,255,255,255]
        },
        {
            "position": [10.0,65.0],
            "text": "By using the chat service, it may be possible for a child to\nshare personal information including his or her name,\nlocation, images or other contact details.",
            "alignment": "left",
            "fontSize": 42,
            "colour": [255,255,255,255]
        },
        {
            "position": [10.0,53.0],
            "text": "Parental consent is required before a child can access Chat.\nBy purchasing an Azoomee subscription, you are providing\nyour consent as a parent or guardian for children to use\nAzoomee's messaging service (Chat).",
            "alignment": "left",
            "fontSize": 42,
            "colour": [255,255,255,255]
        },
        {
            "position": [5.0,35.0],
            "text": "PRIVACY & SAFETY",
            "alignment": "left",
            "fontSize": 74,
            "colour": [28,244,244,255]
        },
        {
            "position": [5.0,28.0],
            "text": "Azoomee values your child's privacy and safety. We do not share\nor sell you or your child's personal information with 3rd parties,\nand we do not serve any advertising.",
            "alignment": "left",
            "fontSize": 42,
            "colour": [255,255,255,255]
        },
        {
            "position": [5.0,18.0],
            "text": "Please visit the Azoomee website to read our Privacy Policy and\nTerms of Use",
            "alignment": "left",
            "fontSize": 42,
            "colour": [255,255,255,255]
        }

    ]
 },
 "closeButton": false,
 "backgroundColour": [
   255,
   255,
   255
 ],
 "buttons": [
  {
     "buttonId": "back",
     "action": {
        "type":"flowAction",
        "params": {
            "fileName":"coppa_privacy_notice.json",
            "action": "back"
        }
     },
     "position": [
       95.5,
       96.5
     ],
     "size": [
       9.0,
       5.0
     ],
     "text": "",
     "underlined": false,
     "sprite": "misc/transparent.png"

  },
   {
     "buttonId": "privacyLink",
     "action": {
        "type":"web",
        "params": {
            "location":"privacyPolicy"
        }
     },
     "position": [
       78.4,
       16.5
     ],
     "size": [
       19.0,
       6.0
     ],
     "text": "",
     "underlined": false,
     "sprite": "misc/transparent.png"

   },
   {
     "buttonId": "termsLink",
     "action": {
        "type":"web",
        "params": {
            "location":"termsOfUse"
        }
     },
     "position": [
       14.2,
       14.0
     ],
     "size": [
       18.0,
       6.0
     ],
     "text": "",
     "underlined": false,
     "sprite": "misc/transparent.png"
   }
 ],
 "backgroundImage": {
   "displayMode": "fill",
   "file": "misc/fullscreen_glow.jpg"
 },
 "images": [
    {
      "position": [7.5,79.0],
      "size": [3.0,-1.0],
      "opacity": 255,
      "file": "misc/bulletTick.png"
   },
   {
      "position": [7.5,64.0],
      "size": [3.0,-1.0],
      "opacity": 255,
      "file": "misc/bulletTick.png"
   },
   {
      "position": [7.5,52.0],
      "size": [3.0,-1.0],
      "opacity": 255,
      "file": "misc/bulletTick.png"
   },
   {
      "position": [95.5,96.5],
      "size": [5.0,-1.0],
      "opacity": 255,
      "file": "misc/close.png"
   }
 ],
 "lines": [
    {
        "startPos": [68.0,15.2],
        "endPos": [87.0,15.2],
        "width": 5,
        "colour": [255,255,255,255]
    },
    {
        "startPos": [5.0,12.3],
        "endPos": [23.4,12.3],
        "width": 5,
        "colour": [255,255,255,255]
    }
  ]
}
