{
 "nodeId": "coppa_privacy_notice",
 "groupId": [
   "iap_details"
 ],
 "nodeSize": [
   67.0,
   70.0
 ],
 "nodeText": { 
    "bodyText": [
        {
            "position": [10.0,97.0],
            "text": "AZOOMEE PREMIUM\nSUBSCRIPTION",
            "alignment": "left",
            "fontSize": 94,
            "colour": [28,244,244,255]
        },
        {
            "position": [10.0,85.0],
            "text": "Unlimited access for £4.99 per month to everything while\nsubscribed",
            "alignment": "left",
            "fontSize": 42,
            "colour": [255,255,255,255]
        },
        {
            "position": [10.0,78.0],
            "text": "Payment will be charged to iTunes Account at confirmation of\npurchase",
            "alignment": "left",
            "fontSize": 42,
            "colour": [255,255,255,255]
        },
        {
            "position": [10.0,70.0],
            "text": "Subscription automatically renews each month unless\nauto-renew is turned off at least 24-hours before the\nend of the current period",
            "alignment": "left",
            "fontSize": 42,
            "colour": [255,255,255,255]
        },
        {
            "position": [10.0,59.0],
            "text": "Your account will be charged for renewal withing 24-hours\nprior to the end of the current period at £4.99",
            "alignment": "left",
            "fontSize": 42,
            "colour": [255,255,255,255]
        },
        {
            "position": [10.0,51.0],
            "text": "You can manage your subscription and turn auto-renewal on\nor off by going to your App Store Account Settings\nafter purchase",
            "alignment": "left",
            "fontSize": 42,
            "colour": [255,255,255,255]
        },
        {
            "position": [10.0,40.0],
            "text": "Any unused portion of a free trial period, if offered, will be\nforfeited when you purchase a subscription,\nwhere applicable",
            "alignment": "left",
            "fontSize": 42,
            "colour": [255,255,255,255]
        },
        {
            "position": [5.0,27.0],
            "text": "PRIVACY & SAFETY",
            "alignment": "left",
            "fontSize": 74,
            "colour": [28,244,244,255]
        },
        {
            "position": [5.0,20.0],
            "text": "Azoomee values your child's privacy and safety. We do not share\nor sell you or your child's personal information with 3rd parties,\nand we do not serve any advertising.",
            "alignment": "left",
            "fontSize": 42,
            "colour": [255,255,255,255]
        },
        {
            "position": [5.0,10.0],
            "text": "Please visit the Azoomee website to read our Privacy Policy and\nTerms of Use",
            "alignment": "left",
            "fontSize": 42,
            "colour": [255,255,255,255]
        }

    ]
 },
 "closeButton": false,
 "backgroundColour": [
   255,
   255,
   255
 ],
 "buttons": [
  {
     "buttonId": "back",
     "action": {
        "type":"flowAction",
        "params": {
            "fileName":"iap_learn_more.json",
            "action": "back"
        }
     },
     "position": [
       95.5,
       96.5
     ],
     "size": [
       9.0,
       5.0
     ],
     
     "text": "",
     "underlined": false,
     "sprite": "misc/transparent.png"

   },
   {
     "buttonId": "privacyLink",
     "action": {
        "type":"web",
        "params": {
            "location":"privacyPolicy"
        }
     },
     "position": [
       76.8,
       9.0
     ],
     "size": [
       12.0,
       6.0
     ],
     "text": "",
     "underlined": false,
     "sprite": "misc/transparent.png"

   },
   {
     "buttonId": "termsLink",
     "action": {
        "type":"web",
        "params": {
            "location":"termsOfUse"
        }
     },
     "position": [
       14.4,
       5.7
     ],
     "size": [
       18.0,
       6.0
     ],
     "text": "",
     "underlined": false,
     "sprite": "misc/transparent.png"
   }
 ],
 "backgroundImage": {
   "displayMode": "fill",
   "file": "misc/fullscreen_glow.jpg"
 },
 "images": [
    {
      "position": [7.5,84.0],
      "size": [3.0,-1.0],
      "opacity": 255,
      "file": "misc/bulletTick.png"
   },
   {
      "position": [7.5,77.0],
      "size": [3.0,-1.0],
      "opacity": 255,
      "file": "misc/bulletTick.png"
   },
   {
      "position": [7.5,69.0],
      "size": [3.0,-1.0],
      "opacity": 255,
      "file": "misc/bulletTick.png"
   },
   {
      "position": [7.5,58.0],
      "size": [3.0,-1.0],
      "opacity": 255,
      "file": "misc/bulletTick.png"
   },
   {
      "position": [7.5,50.0],
      "size": [3.0,-1.0],
      "opacity": 255,
      "file": "misc/bulletTick.png"
   },
   {
      "position": [7.5,39.0],
      "size": [3.0,-1.0],
      "opacity": 255,
      "file": "misc/bulletTick.png"
   },
   {
      "position": [95.5,96.5],
      "size": [5.0,-1.0],
      "opacity": 255,
      "file": "misc/close.png"
   }
 ],
 "lines": [
    {
        "startPos": [67.5,7.8],
        "endPos": [86.5,7.8],
        "width": 5,
        "colour": [255,255,255,255]
    },
    {
        "startPos": [5.4,4.3],
        "endPos": [23.0,4.3],
        "width": 5,
        "colour": [255,255,255,255]
    }
  ]
}
