{
 "nodeId": "signup_opt_in",
 "groupId": [
   "chat"
 ],
 "nodeSize": [
   72.0,
   80.0
 ],
 "nodeText": {
    "titleText": {
        "position": [50.0,95.0],
        "text": "Safeguarding your privacy",
        "alignment": "centre",
        "fontSize": 94,
        "colour": [0,0,0,255]
    },
    "bodyText": [
        {
            "position": [5.0,85.0],
            "text": "Azoomee takes the protection and usage of your\npersonal data very seriously. We use your personal\ndata for the following purposes:",
            "alignment": "left",
            "fontSize": 52,
            "colour": [0,0,0,255]
        },
        {
            "position": [10.0,73.0],
            "text": "•    To create a unique Azoomee account\n•    To contact you when there are important service\n      notifications\n•    To identify your account should you contact us for\n      support",
            "alignment": "left",
            "fontSize": 46,
            "colour": [0,0,0,255]
        },
        {
            "position": [5.0,55.0],
            "text": "If you'd like to learn more about how we use the data\nyou provide us, please read our Privacy Policy.",
            "alignment": "left",
            "fontSize": 52,
            "colour": [0,0,0,255]
        },
        {
            "position": [5.0,42.0],
            "text": "Please confirm that:",
            "alignment": "left",
            "fontSize": 52,
            "colour": [0,0,0,255]
        },
        {
            "position": [15.0,37.0],
            "text": "You are over 18",
            "alignment": "left",
            "fontSize": 46,
            "colour": [0,0,0,255]
        },
        {
            "position": [15.0,32.0],
            "text": "You agree to our Terms of Service and Privacy Policy",
            "alignment": "left",
            "fontSize": 46,
            "colour": [0,0,0,255]
        },
        {
            "position": [15.0,27.0],
            "text": "You agree to receive marketing materials from Azoomee\n(optional. You can also opt-out in the future at any time.)",
            "alignment": "left",
            "fontSize": 46,
            "colour": [0,0,0,255]
        }

    ]
 },
 "closeButton": false,
 "backgroundColour": [
   255,
   255,
   255
 ],
 "buttons": [
   {
     "buttonId": "signup",
     "action": {
        "type":"flowAction",
        "params": {
            "fileName":"signup_opt_in.json",
            "action": "next"
        }
     },
     "position": [
       66.0,
       12.0
     ],
     "size": [
       30.0,
       8.0
     ],
     "text": "Continue"
   },
   {
     "buttonId": "back",
     "action": {
        "type":"flowAction",
        "params": {
            "fileName":"signup_opt_in.json",
            "action": "back"
        }
     },
     "position": [
       33.0,
       12.0
     ],
     "size": [
       30.0,
       8.0
     ],
     "text": "Back",
     "underlined": true,
     "sprite": "misc/transparent.png"

   },
   {
     "buttonId": "privacyLink",
     "action": {
        "type":"web",
        "params": {
            "location":"privacyPolicy"
        }
     },
     "position": [
       80.0,
       31.0
     ],
     "size": [
       20.0,
       6.0
     ],
     "text": "",
     "underlined": false,
     "sprite": "misc/transparent.png"

   },
   {
     "buttonId": "termsLink",
     "action": {
        "type":"web",
        "params": {
            "location":"termsOfUse"
        }
     },
     "position": [
       51.0,
       31.0
     ],
     "size": [
       23.0,
       6.0
     ],
     "text": "",
     "underlined": false,
     "sprite": "misc/transparent.png"

   },
   {
     "buttonId": "privacyLink",
     "action": {
        "type":"web",
        "params": {
            "location":"privacyPolicy"
        }
     },
     "position": [
       67.0,
       51.0
     ],
     "size": [
       22.0,
       6.0
     ],
     "text": "",
     "underlined": false,
     "sprite": "misc/transparent.png"

   }
 ],
 "backgroundImage": {
   "displayMode": "fill",
   "file": "misc/light_blue_gradient.png"
 },
 "lines": [
    {
        "startPos": [40.0,30.0],
        "endPos": [63.4,30.0],
        "width": 7,
        "colour": [0,0,0,255]
    },
    {
        "startPos": [70.5,30.0],
        "endPos": [90.0,30.0],
        "width": 7,
        "colour": [0,0,0,255]
    }
    ,
    {
        "startPos": [56.5,49.5],
        "endPos": [78.0,49.5],
        "width": 7,
        "colour": [0,0,0,255]
    }
 ],
 "checkBoxes": [
    {
      "position": [10.0,36.0],
      "size": 5.0,
      "valueKey": "over18",
      "selected": false
    },
    {
      "position": [10.0,31.0],
      "size": 5.0,
      "valueKey": "tncAccept",
      "selected": false
    },
    {
      "position": [10.0,26.0],
      "size": 5.0,
      "valueKey": "commsAccept",
      "selected": false
    }
 ]
}
