{
 "nodeId": "signup_test",
 "groupId": [
   "chat"
 ],
 "nodeSize": [
   72.0,
   80.0
 ],
 "nodeText": {
    "titleText": {
        "position": [50.0,95.0],
        "text": "Create your family account",
        "alignment": "centre",
        "fontSize": 94,
        "colour": [0,0,0,255]
    },
    "bodyText": [
        {
            "position": [50.0,85.0],
            "text": "Create a password",
            "alignment": "centre",
            "fontSize": 58,
            "colour": [0,132,122,255]
        },
        {
            "position": [50.0,48.0],
            "text": "By creating an account, you agree to our Privacy Policy and Terms of Use",
            "alignment": "centre",
            "fontSize": 40,
            "colour": [0,0,0,255]
        }
    ]
 },
 "closeButton": false,
 "backgroundColour": [
   255,
   255,
   255
 ],
 "buttons": [
   {
     "buttonId": "signup",
     "action": {
        "type":"flowAction",
        "params": {
            "fileName":"signup_password.json",
            "action": "next"
        }
     },
     "position": [
       66.0,
       57.0
     ],
     "size": [
       30.0,
       8.0
     ],
     "text": "Continue"
   },
   {
     "buttonId": "back",
     "action": {
        "type":"flowAction",
        "params": {
            "fileName":"signup_password.json",
            "action": "back"
        }
     },
     "position": [
       33.0,
       57.0
     ],
     "size": [
       30.0,
       8.0
     ],
     "text": "Back",
     "underlined": true,
     "sprite": "misc/transparent.png"

   },
   {
     "buttonId": "privacyLink",
     "action": {
        "type":"web",
        "params": {
            "location":"privacyPolicy"
        }
     },
     "position": [
       64.0,
       45.0
     ],
     "size": [
       16.0,
       5.0
     ],
     "text": "",
     "underlined": false,
     "sprite": "misc/transparent.png"

   },
   {
     "buttonId": "termsLink",
     "action": {
        "type":"web",
        "params": {
            "location":"termsOfUse"
        }
     },
     "position": [
       86.5,
       45.0
     ],
     "size": [
       16.0,
       5.0
     ],
     "text": "",
     "underlined": false,
     "sprite": "misc/transparent.png"

   }
 ],
 "backgroundImage": {
   "displayMode": "fill",
   "file": "misc/light_blue_gradient.png"
 },
 "textInputFields": [
    {
        "position": [50.0,75.0],
        "size": [75.0,7.0],
        "valueKey": "password",
        "inputType": 8,
        "errorText": "Invalid password, must be at least 6 characters."
    }
 ],
 "lines": [
    {
        "startPos": [55.5,46.0],
        "endPos": [72.5,46.0],
        "width": 7,
        "colour": [0,0,0,255]
    },
    {
        "startPos": [78.5,46.0],
        "endPos": [94.5,46.0],
        "width": 7,
        "colour": [0,0,0,255]
    }
 ]
}
