{
 "nodeId": "payment_success",
 "groupId": [
   "chat"
 ],
 "nodeSize": [
   90.0,
   72.0
 ],
 "nodeText": {
    "titleText": {
        "position": [50.0,65.0],
        "text": "Payment Successful!\nTo Activate your Premium account, sign up now!",
        "alignment": "centre",
        "fontSize": 94,
        "colour": [0,0,0,255]
    }
 },
 "closeButton": false,
 "backgroundColour": [
   255,
   255,
   255
 ],
 "buttons": [
   {
     "buttonId": "signup",
     "action": {
        "type":"flowAction",
        "params": {
            "fileName":"payment_success.json",
            "action": "next"
        }
     },
     "position": [
       50.0,
       35.0
     ],
     "size": [
       20.0,
       12.0
     ],
     "text": "Continue"
   }
 ],
 "backgroundImage": {
   "displayMode": "fill",
   "file": "misc/light_blue_gradient.png"
 }
}
