{
 "nodeId": "signup_test",
 "groupId": [
   "chat"
 ],
 "nodeSize": [
   90.0,
   72.0
 ],
 "nodeText": {
    "titleText": {
        "position": [50.0,95.0],
        "text": "Create your family account",
        "alignment": "centre",
        "fontSize": 94,
        "colour": [0,0,0,255]
    },
    "bodyText": [
        {
            "position": [50.0,85.0],
            "text": "Enter parent's email address",
            "alignment": "centre",
            "fontSize": 58,
            "colour": [0,132,122,255]
        },
        {
          "position": [50.0,65.0],
            "text": "Create a password",
            "alignment": "centre",
            "fontSize": 58,
            "colour": [0,132,122,255]
        },
        {
          "position": [50.0,45.0],
            "text": "Set up a 4-digit PIN",
            "alignment": "centre",
            "fontSize": 58,
            "colour": [0,132,122,255]
        },
        {
          "position": [50.0,25.0],
            "text": "Use this to protect the parents/setting area.",
            "alignment": "centre",
            "fontSize": 42,
            "colour": [0,0,0,255]
        }
    ]
 },
 "closeButton": true,
 "backgroundColour": [
   255,
   255,
   255
 ],
 "buttons": [
   {
     "buttonId": "signup",
     "action": {
        "type":"internal",
        "params": {
            "location":"signUp"
        }
     },
     "position": [
       50.0,
       10.0
     ],
     "size": [
       20.0,
       12.0
     ],
     "text": "Continue"
   }
 ],
 "backgroundImage": {
   "displayMode": "fill",
   "file": "misc/light_blue_gradient.png"
 },
 "textInputFields": [
    {
        "position": [50.0,75.0],
        "size": [75.0,10.0],
        "valueKey": "email",
        "inputType": 0,
        "errorText": "Email doesnt look correct - please check"
    },
    {
        "position": [50.0,55.0],
        "size": [75.0,10.0],
        "valueKey": "password",
        "inputType": 1,
        "errorText": "Password must be at least 6 characters"
    },
    {
        "position": [50.0,35.0],
        "size": [40.0,10.0],
        "valueKey": "pin",
        "inputType": 2,
        "errorText": "PIN must be 4 digits"
    }
 ]
}
