{
 "nodeId": "signup_opt_in",
 "groupId": [
   "chat"
 ],
 "nodeSize": [
   70.0,
   50.0
 ],
 "nodeText": {
    "bodyText": [
        {
            "position": [50.0,75.0],
            "text": "To continue using Azoomee,\nyou must confirm that you are over 18,\nand that you agree to our Policies.",
            "alignment": "centre",
            "fontSize": 82,
            "colour": [0,0,0,255]
        }
    ]
 },
 "closeButton": false,
 "backgroundColour": [
   255,
   255,
   255
 ],
 "buttons": [
   {
     "buttonId": "signup",
     "action": {
        "type":"flowAction",
        "params": {
            "fileName":"signup_opt_in_error.json",
            "action": "back"
        }
     },
     "position": [
       50.0,
       25.0
     ],
     "size": [
       40.0,
       25.0
     ],
     "text": "Back",
     "underlined": true,
     "sprite": "misc/transparent.png"
   }
 ],
 "backgroundImage": {
   "displayMode": "fill",
   "file": "misc/light_blue_gradient.png"
 }
}
