{
 "nodeId": "signup_test",
 "groupId": [
   "chat"
 ],
 "nodeSize": [
   90.0,
   72.0
 ],
 "nodeText": {
    "titleText": {
        "position": [50.0,95.0],
        "text": "Create your family account",
        "alignment": "centre",
        "fontSize": 94,
        "colour": [0,0,0,255]
    },
    "bodyText": [
        {
            "position": [50.0,85.0],
            "text": "Enter parent's email address",
            "alignment": "centre",
            "fontSize": 58,
            "colour": [0,132,122,255]
        }
    ]
 },
 "closeButton": true,
 "backgroundColour": [
   255,
   255,
   255
 ],
 "buttons": [
   {
     "buttonId": "signup",
     "action": {
        "type":"ctaTransition",
        "params": {
            "location":"signUp_password.json"
        }
     },
     "position": [
       66.0,
       50.0
     ],
     "size": [
       20.0,
       12.0
     ],
     "text": "Continue"
   },
   {
     "buttonId": "signup",
     "action": {
        "type":"ctaTransition",
        "params": {
            "location":"close"
        }
     },
     "position": [
       33.0,
       50.0
     ],
     "size": [
       20.0,
       12.0
     ],
     "text": "Cancel",
     "underlined": true,
     "sprite": "misc/transparent.png"

   }
 ],
 "backgroundImage": {
   "displayMode": "fill",
   "file": "misc/light_blue_gradient.png"
 },
 "textInputFields": [
    {
        "position": [50.0,75.0],
        "size": [75.0,10.0],
        "valueKey": "email",
        "inputType": 0,
        "errorText": "Email doesnt look correct - please check"
    }
 ]
}
