{
 "nodeId": "signup_pin",
 "groupId": [
   "chat"
 ],
 "nodeSize": [
   90.0,
   72.0
 ],
 "nodeText": {
    "titleText": {
        "position": [50.0,95.0],
        "text": "Create your family account",
        "alignment": "centre",
        "fontSize": 94,
        "colour": [0,0,0,255]
    },
    "bodyText": [
        {
            "position": [50.0,85.0],
            "text": "Set up a 4-digit PIN",
            "alignment": "centre",
            "fontSize": 58,
            "colour": [0,132,122,255]
        },
        {
            "position": [50.0,41.0],
            "text": "By creating an account, you agree to our Privacy Policy and Terms of Use",
            "alignment": "centre",
            "fontSize": 40,
            "colour": [0,0,0,255]
        }
    ]
 },
 "closeButton": false,
 "backgroundColour": [
   255,
   255,
   255
 ],
 "buttons": [
   {
     "buttonId": "signup",
     "action": {
        "type":"flowAction",
        "params": {
            "fileName":"signup_pin.json",
            "action": "next"
        }
     },
     "position": [
       66.0,
       50.0
     ],
     "size": [
       20.0,
       12.0
     ],
     "text": "Continue"
   },
   {
     "buttonId": "signup",
     "action": {
        "type":"flowAction",
        "params": {
            "fileName":"signup_pin.json",
            "action": "back"
        }
     },
     "position": [
       33.0,
       50.0
     ],
     "size": [
       20.0,
       12.0
     ],
     "text": "Back",
     "underlined": true,
     "sprite": "misc/transparent.png"

   }
 ],
 "backgroundImage": {
   "displayMode": "fill",
   "file": "misc/light_blue_gradient.png"
 },
 "textInputFields": [
    {
        "position": [50.0,75.0],
        "size": [40.0,10.0],
        "valueKey": "pin",
        "inputType": 2,
        "errorText": "PIN must be 4 digits",
        "placeholder": "<pin>"
    }
 ],
 "lines": [
    {
        "startPos": [53.5,38.0],
        "endPos": [63.5,38.0],
        "width": 7,
        "colour": [0,0,0,255]
    },
    {
        "startPos": [67.0,38.0],
        "endPos": [77.0,38.0],
        "width": 7,
        "colour": [0,0,0,255]
    }
 ]
}
