{
 "nodeId": "signup_opt_in",
 "groupId": [
   "chat"
 ],
 "nodeSize": [
   90.0,
   72.0
 ],
 "nodeText": {
    "titleText": {
        "position": [50.0,95.0],
        "text": "Safeguarding your privacy",
        "alignment": "centre",
        "fontSize": 94,
        "colour": [0,0,0,255]
    },
    "bodyText": [
        {
            "position": [50.0,85.0],
            "text": "We take you privacy very seriously. In line with GDPR blah blah ...",
            "alignment": "centre",
            "fontSize": 58,
            "colour": [0,132,122,255]
        },
        {
            "position": [20.0,68.0],
            "text": "You agree to Azoomee's Terms of Service and Privacy Policy (required)",
            "alignment": "left",
            "fontSize": 52,
            "colour": [0,0,0,255]
        },
        {
            "position": [20.0,58.0],
            "text": "You agree to receive marketing communications (optional)",
            "alignment": "left",
            "fontSize": 52,
            "colour": [0,0,0,255]
        }
    ]
 },
 "closeButton": false,
 "backgroundColour": [
   255,
   255,
   255
 ],
 "buttons": [
   {
     "buttonId": "signup",
     "action": {
        "type":"flowAction",
        "params": {
            "fileName":"signup_opt_in.json",
            "action": "next"
        }
     },
     "position": [
       66.0,
       37.0
     ],
     "size": [
       20.0,
       12.0
     ],
     "text": "Continue"
   },
   {
     "buttonId": "back",
     "action": {
        "type":"flowAction",
        "params": {
            "fileName":"signup_opt_in.json",
            "action": "back"
        }
     },
     "position": [
       33.0,
       37.0
     ],
     "size": [
       20.0,
       12.0
     ],
     "text": "Back",
     "underlined": true,
     "sprite": "misc/transparent.png"

   },
   {
     "buttonId": "privacyLink",
     "action": {
        "type":"web",
        "params": {
            "location":"privacyPolicy"
        }
     },
     "position": [
       71.0,
       67.0
     ],
     "size": [
       13.0,
       6.0
     ],
     "text": "",
     "underlined": false,
     "sprite": "misc/transparent.png"

   },
   {
     "buttonId": "termsLink",
     "action": {
        "type":"web",
        "params": {
            "location":"termsOfUse"
        }
     },
     "position": [
       51.25,
       67.0
     ],
     "size": [
       15.5,
       6.0
     ],
     "text": "",
     "underlined": false,
     "sprite": "misc/transparent.png"

   }
 ],
 "backgroundImage": {
   "displayMode": "fill",
   "file": "misc/light_blue_gradient.png"
 },
 "lines": [
    {
        "startPos": [44.0,64.5],
        "endPos": [59.5,64.5],
        "width": 7,
        "colour": [0,0,0,255]
    },
    {
        "startPos": [64.5,64.5],
        "endPos": [77.5,64.5],
        "width": 7,
        "colour": [0,0,0,255]
    }
 ],
 "checkBoxes": [
    {
      "position": [15.0,66.0],
      "valueKey": "tncAccept",
      "selected": false
    },
    {
      "position": [15.0,56.0],
      "valueKey": "commsAccept",
      "selected": false
    }
 ]
}
