{
 "nodeId": "signup_opt_in",
 "groupId": [
   "chat"
 ],
 "nodeSize": [
   90.0,
   72.0
 ],
 "nodeText": {
    "titleText": {
        "position": [50.0,95.0],
        "text": "Safeguarding your privacy",
        "alignment": "centre",
        "fontSize": 94,
        "colour": [0,0,0,255]
    },
    "bodyText": [
        {
            "position": [10.0,85.0],
            "text": "Azoomee takes the protection and usage of your personal data very seriously.\nWe use your personal data for the following purposes:",
            "alignment": "left",
            "fontSize": 52,
            "colour": [0,0,0,255]
        },
        {
            "position": [20.0,75.0],
            "text": "•    To create a unique Azoomee account\n•    To contact you when there are important service notifications\n•    To identify your account should you contact us for support",
            "alignment": "left",
            "fontSize": 46,
            "colour": [0,0,0,255]
        },
        {
            "position": [10.0,60.0],
            "text": "We also share anonymised (non-personally identifiable) data with our trusted\nthird-party partners for the following purposes:",
            "alignment": "left",
            "fontSize": 52,
            "colour": [0,0,0,255]
        },
        {
            "position": [20.0,50.0],
            "text": "•    To analyse usage of the app and improve it accordingly",
            "alignment": "left",
            "fontSize": 46,
            "colour": [0,0,0,255]
        },
        {
            "position": [20.0,42.0],
            "text": "You are over 18",
            "alignment": "left",
            "fontSize": 46,
            "colour": [0,0,0,255]
        },
        {
            "position": [20.0,34.0],
            "text": "You agree to our Terms of Service and Privacy Policy",
            "alignment": "left",
            "fontSize": 46,
            "colour": [0,0,0,255]
        },
        {
            "position": [20.0,26.0],
            "text": "You agree to receive marketing materials from Azoomee (optional)",
            "alignment": "left",
            "fontSize": 46,
            "colour": [0,0,0,255]
        }

    ]
 },
 "closeButton": false,
 "backgroundColour": [
   255,
   255,
   255
 ],
 "buttons": [
   {
     "buttonId": "signup",
     "action": {
        "type":"flowAction",
        "params": {
            "fileName":"signup_opt_in.json",
            "action": "next"
        }
     },
     "position": [
       66.0,
       12.0
     ],
     "size": [
       20.0,
       12.0
     ],
     "text": "Continue"
   },
   {
     "buttonId": "back",
     "action": {
        "type":"flowAction",
        "params": {
            "fileName":"signup_opt_in.json",
            "action": "back"
        }
     },
     "position": [
       33.0,
       12.0
     ],
     "size": [
       20.0,
       12.0
     ],
     "text": "Back",
     "underlined": true,
     "sprite": "misc/transparent.png"

   },
   {
     "buttonId": "privacyLink",
     "action": {
        "type":"web",
        "params": {
            "location":"privacyPolicy"
        }
     },
     "position": [
       59.0,
       32.0
     ],
     "size": [
       12.0,
       6.0
     ],
     "text": "",
     "underlined": false,
     "sprite": "misc/transparent.png"

   },
   {
     "buttonId": "termsLink",
     "action": {
        "type":"web",
        "params": {
            "location":"termsOfUse"
        }
     },
     "position": [
       42.0,
       32.0
     ],
     "size": [
       14.0,
       6.0
     ],
     "text": "",
     "underlined": false,
     "sprite": "misc/transparent.png"

   }
 ],
 "backgroundImage": {
   "displayMode": "fill",
   "file": "misc/light_blue_gradient.png"
 },
 "lines": [
    {
        "startPos": [35.0,30.5],
        "endPos": [49.0,30.5],
        "width": 7,
        "colour": [0,0,0,255]
    },
    {
        "startPos": [53.0,30.5],
        "endPos": [65.0,30.5],
        "width": 7,
        "colour": [0,0,0,255]
    }
 ],
 "checkBoxes": [
    {
      "position": [15.0,40.0],
      "size": 3.0,
      "valueKey": "over18",
      "selected": false
    },
    {
      "position": [15.0,32.0],
      "size": 3.0,
      "valueKey": "tncAccept",
      "selected": false
    },
    {
      "position": [15.0,24.0],
      "size": 3.0,
      "valueKey": "commsAccept",
      "selected": false
    }
 ]
}
