{
 "nodeId": "signup_test",
 "groupId": [
   "chat"
 ],
 "nodeSize": [
   90.0,
   72.0
 ],
 "nodeText": {
    "titleText": {
        "position": [50.0,95.0],
        "text": "Create your family account",
        "alignment": "centre",
        "fontSize": 94,
        "colour": [0,0,0,255]
    },
    "bodyText": [
        {
            "position": [50.0,85.0],
            "text": "Confirm this is your email address",
            "alignment": "centre",
            "fontSize": 58,
            "colour": [0,132,122,255]
        },
        {
            "position": [50.0,72.5],
            "text": "<email>",
            "alignment": "centre",
            "fontSize": 90,
            "colour": [0,0,0,255]
        },
        {
            "position": [50.0,46.0],
            "text": "By creating an account, you agree to our Privacy Policy and Terms of Use",
            "alignment": "centre",
            "fontSize": 40,
            "colour": [0,0,0,255]
        }
    ]
 },
 "closeButton": false,
 "backgroundColour": [
   255,
   255,
   255
 ],
 "buttons": [
   {
     "buttonId": "signup",
     "action": {
        "type":"flowAction",
        "params": {
            "fileName":"signup_email_confirm.json",
            "action": "next"
        }
     },
     "position": [
       66.0,
       55.0
     ],
     "size": [
       20.0,
       12.0
     ],
     "text": "Confirm"
   },
   {
     "buttonId": "back",
     "action": {
        "type":"flowAction",
        "params": {
            "fileName":"signup_email_confirm.json",
            "action": "back"
        }
     },
     "position": [
       33.0,
       55.0
     ],
     "size": [
       20.0,
       12.0
     ],
     "text": "Back",
     "underlined": true,
     "sprite": "misc/transparent.png"
   },
   {
     "buttonId": "privacyLink",
     "action": {
        "type":"web",
        "params": {
            "location":"privacyPolicy"
        }
     },
     "position": [
       57.0,
       44.0
     ],
     "size": [
       10.0,
       6.0
     ],
     "text": "",
     "underlined": false,
     "sprite": "misc/transparent.png"

   },
   {
     "buttonId": "termsLink",
     "action": {
        "type":"web",
        "params": {
            "location":"termsOfUse"
        }
     },
     "position": [
       72.0,
       44.0
     ],
     "size": [
       10.0,
       6.0
     ],
     "text": "",
     "underlined": false,
     "sprite": "misc/transparent.png"

   }
 ],
 "backgroundImage": {
   "displayMode": "fill",
   "file": "misc/light_blue_gradient.png"
 },
 "images": [
  {
     "position": [50.0,70.0],
      "size": [100.0,15.0],
      "opacity": 255,
      "file": "misc/bg_blue.png"
  }

 ],
 "lines": [
    {
        "startPos": [53.5,43.0],
        "endPos": [63.5,43.0],
        "width": 7,
        "colour": [0,0,0,255]
    },
    {
        "startPos": [67.0,43.0],
        "endPos": [77.0,43.0],
        "width": 7,
        "colour": [0,0,0,255]
    }

  ]
}
