[
	{
		"id": "armLeft01",
		"targetAnchor": "armLeft",
		"positionOffset": [-35.0,0.0],
		"snapRange": [100.0,100.0],
		"menuScale": 0.75,
		"dragScale": 2.0,
		"targetScale": 1.0,
		"zOrder": -1,
		"categoryId": "arms",
		"iconFilename": "assets/arms/Oomee_Arms_Yellow.png",
		"assetSet": {
			"base": ["assets/arms/armLeft01_Solid.png",0],
			"gradient": ["assets/arms/armLeft01_Gradient.png",1]
		},
		"useColourHue": true,
		"dependancies": [
			"armRight01"
		]
	},
	{
		"id": "armRight01",
		"targetAnchor": "armRight",
		"positionOffset": [35.0,0.0],
		"snapRange": [100.0,100.0],
		"menuScale": 0.75,
		"dragScale": 2.0,
		"targetScale": 1.0,
		"zOrder": -1,
		"categoryId": "none",
		"iconFilename": "assets/arms/Oomee_Arms_Yellow.png",
		"assetSet": {
			"base": ["assets/arms/armRight01_Solid.png",0],
			"gradient": ["assets/arms/armRight01_Gradient.png",1]
		},
		"useColourHue": true,
		"dependancies": [
			"armLeft01"
		]
	},
	{
		"id": "armLeft02",
		"targetAnchor": "armLeft",
		"positionOffset": [-35.0,0.0],
		"snapRange": [100.0,100.0],
		"menuScale": 0.75,
		"dragScale": 2.0,
		"targetScale": 1.0,
		"zOrder": -1,
		"categoryId": "arms",
		"iconFilename": "assets/arms/Oomee_Arms_Pink.png",
		"assetSet": {
			"base": ["assets/arms/armLeft02_Solid.png",0],
			"gradient": ["assets/arms/armLeft02_Gradient.png",1]
		},
		"useColourHue": true,
		"dependancies": [
			"armRight02"
		]
	},
	{
		"id": "armRight02",
		"targetAnchor": "armRight",
		"positionOffset": [35.0,0.0],
		"snapRange": [100.0,100.0],
		"menuScale": 0.75,
		"dragScale": 2.0,
		"targetScale": 1.0,
		"zOrder": -1,
		"categoryId": "none",
		"iconFilename": "assets/arms/Oomee_Arms_Pink.png",
		"assetSet": {
			"base": ["assets/arms/armRight02_Solid.png",0],
			"gradient": ["assets/arms/armRight02_Gradient.png",1]
		},
		"useColourHue": true,
		"dependancies": [
			"armLeft02"
		]
	},
	{
		"id": "armLeft03",
		"targetAnchor": "armLeft",
		"positionOffset": [-35.0,0.0],
		"snapRange": [100.0,100.0],
		"menuScale": 0.75,
		"dragScale": 2.0,
		"targetScale": 1.0,
		"zOrder": -1,
		"categoryId": "arms",
		"iconFilename": "assets/arms/Oomee_Arms_DarkPink.png",
		"assetSet": {
			"base": ["assets/arms/armLeft03_Solid.png",0],
			"gradient": ["assets/arms/armLeft03_Gradient.png",1]
		},
		"useColourHue": true,
		"dependancies": [
			"armRight03"
		]
	},
	{
		"id": "armRight03",
		"targetAnchor": "armRight",
		"positionOffset": [35.0,0.0],
		"snapRange": [100.0,100.0],
		"menuScale": 0.75,
		"dragScale": 2.0,
		"targetScale": 1.0,
		"zOrder": -1,
		"categoryId": "none",
		"iconFilename": "assets/arms/Oomee_Arms_DarkPink.png",
		"assetSet": {
			"base": ["assets/arms/armRight03_Solid.png",0],
			"gradient": ["assets/arms/armRight03_Gradient.png",1]
		},
		"useColourHue": true,
		"dependancies": [
			"armLeft03"
		]
	},
	{
		"id": "armLeft04",
		"targetAnchor": "armLeft",
		"positionOffset": [-50.0,-10.0],
		"snapRange": [100.0,100.0],
		"menuScale": 0.75,
		"dragScale": 2.0,
		"targetScale": 1.0,
		"zOrder": -1,
		"categoryId": "arms",
		"iconFilename": "assets/arms/Oomee_Arms_Purple.png",
		"assetSet": {
			"base": ["assets/arms/armLeft04_Solid.png",0],
			"gradient": ["assets/arms/armLeft04_Gradient.png",1],
			"shadowLight": ["assets/arms/armLeft04_Shadow_Bottom.png",2],
			"highlight": ["assets/arms/armLeft04_Shadow_Top.png",3]
		},
		"useColourHue": true,
		"dependancies": [
			"armRight04"
		]
	},
	{
		"id": "armRight04",
		"targetAnchor": "armRight",
		"positionOffset": [50.0,-10.0],
		"snapRange": [100.0,100.0],
		"menuScale": 0.75,
		"dragScale": 2.0,
		"targetScale": 1.0,
		"zOrder": -1,
		"categoryId": "none",
		"iconFilename": "assets/arms/Oomee_Arms_Purple.png",
		"assetSet": {
			"base": ["assets/arms/armRight04_Solid.png",0],
			"gradient": ["assets/arms/armRight04_Gradient.png",1],
			"shadowLight": ["assets/arms/armRight04_Shadow_Bottom.png",2],
			"highlight": ["assets/arms/armRight04_Shadow_Top.png",3]
		},
		"useColourHue": true
		,
		"dependancies": [
			"armLeft04"
		]
	},
	{
		"id": "armLeft05",
		"targetAnchor": "armLeft",
		"positionOffset": [-35.0,0.0],
		"snapRange": [100.0,100.0],
		"menuScale": 0.75,
		"dragScale": 2.0,
		"targetScale": 1.0,
		"zOrder": 5,
		"categoryId": "arms",
		"iconFilename": "assets/arms/Oomee_Arms_Orange.png",
		"assetSet": {
			"base": ["assets/arms/armLeft05_Solid.png",0],
			"gradient": ["assets/arms/armLeft05_Gradient.png",1],
			"shadowLight": ["assets/arms/armLeft05_Shadow.png",2]
		},
		"useColourHue": true,
		"dependancies": [
			"armRight05"
		]
	},
	{
		"id": "armRight05",
		"targetAnchor": "armRight",
		"positionOffset": [35.0,0.0],
		"snapRange": [100.0,100.0],
		"menuScale": 0.75,
		"dragScale": 2.0,
		"targetScale": 1.0,
		"zOrder": 5,
		"categoryId": "none",
		"iconFilename": "assets/arms/Oomee_Arms_Orange.png",
		"assetSet": {
			"base": ["assets/arms/armRight05_Solid.png",0],
			"gradient": ["assets/arms/armRight05_Gradient.png",1],
			"shadowLight": ["assets/arms/armRight05_Shadow.png",2]
		},
		"useColourHue": true,
		"dependancies": [
			"armLeft05"
		]
	},
	{
		"id": "armLeft06",
		"targetAnchor": "armLeft",
		"positionOffset": [-35.0,0.0],
		"snapRange": [100.0,100.0],
		"menuScale": 0.75,
		"dragScale": 2.0,
		"targetScale": 1.0,
		"zOrder": -1,
		"categoryId": "arms",
		"iconFilename": "assets/arms/Oomee_Arms_Blue.png",
		"assetSet": {
			"base": ["assets/arms/armLeft06_Solid.png",0],
			"gradient": ["assets/arms/armLeft06_Gradient.png",1],
			"highlight": ["assets/arms/armLeft06_Bottom.png",2]
		},
		"useColourHue": true,
		"dependancies": [
			"armRight06"
		]
	},
	{
		"id": "armRight06",
		"targetAnchor": "armRight",
		"positionOffset": [50.0,0.0],
		"snapRange": [100.0,100.0],
		"menuScale": 0.75,
		"dragScale": 2.0,
		"targetScale": 1.0,
		"zOrder": -1,
		"categoryId": "none",
		"iconFilename": "assets/arms/Oomee_Arms_Blue.png",
		"assetSet": {
			"base": ["assets/arms/armRight06_Solid.png",0],
			"gradient": ["assets/arms/armRight06_Gradient.png",1],
			"highlight": ["assets/arms/armRight06_Bottom.png",2]
		},
		"useColourHue": true,
		"dependancies": [
			"armLeft06"
		]
	},
	{
		"id": "armLeft07",
		"targetAnchor": "armLeft",
		"positionOffset": [-35.0,0.0],
		"snapRange": [100.0,100.0],
		"menuScale": 0.75,
		"dragScale": 2.0,
		"targetScale": 1.0,
		"zOrder": -1,
		"categoryId": "arms",
		"iconFilename": "assets/arms/ArmsGreen.png",
		"assetSet": {
			"base": ["assets/arms/armLeft07_Solid.png",0],
			"gradient": ["assets/arms/armLeft07_Gradient.png",1],
			"shadowLight": ["assets/arms/armLeft07_Bottom.png",2],
			"highlight": ["assets/arms/armLeft07_Top.png",3]
		},
		"useColourHue": true,
		"dependancies": [
			"armRight07"
		]
	},
	{
		"id": "armRight07",
		"targetAnchor": "armRight",
		"positionOffset": [25.0,0.0],
		"snapRange": [100.0,100.0],
		"menuScale": 0.75,
		"dragScale": 2.0,
		"targetScale": 1.0,
		"zOrder": -1,
		"categoryId": "none",
		"iconFilename": "assets/arms/ArmsGreen.png",
		"assetSet": {
			"base": ["assets/arms/armRight07_Solid.png",0],
			"gradient": ["assets/arms/armRight07_Gradient.png",1],
			"shadowLight": ["assets/arms/armRight07_Bottom.png",2],
			"highlight": ["assets/arms/armRight07_Top.png",3]
		},
		"useColourHue": true,
		"dependancies": [
			"armLeft07"
		]
	},

	{
		"id": "armLeft08",
		"targetAnchor": "armLeft",
		"positionOffset": [-35.0,0.0],
		"snapRange": [100.0,100.0],
		"menuScale": 0.75,
		"dragScale": 2.0,
		"targetScale": 1.0,
		"zOrder": -1,
		"categoryId": "arms",
		"iconFilename": "assets/arms/Oomee_Arms_Red.png",
		"assetSet": {
			"base": ["assets/arms/armLeft08_Solid.png",0],
			"gradient": ["assets/arms/armLeft08_Gradient.png",1]
		},
		"useColourHue": true,
		"dependancies": [
			"armRight08"
		]
	},
	{
		"id": "armRight08",
		"targetAnchor": "armRight",
		"positionOffset": [35.0,0.0],
		"snapRange": [100.0,100.0],
		"menuScale": 0.75,
		"dragScale": 2.0,
		"targetScale": 1.0,
		"zOrder": -1,
		"categoryId": "none",
		"iconFilename": "assets/arms/Oomee_Arms_Orange.png",
		"assetSet": {
			"base": ["assets/arms/armRight08_Solid.png",0],
			"gradient": ["assets/arms/armRight08_Gradient.png",1]
		},
		"useColourHue": true,
		"dependancies": [
			"armLeft08"
		]
	},
	{
		"id": "armLeft09",
		"targetAnchor": "armLeft",
		"positionOffset": [40.0,-20.0],
		"snapRange": [100.0,100.0],
		"menuScale": 0.75,
		"dragScale": 2.0,
		"targetScale": 1.0,
		"zOrder": 5,
		"categoryId": "arms",
		"iconFilename": "assets/arms/ArmsBlack.png",
		"assetSet": {
			"none": ["assets/arms/ClawsBlackLeft.png",0],
			"base": ["assets/arms/armLeft09_Solid.png",1],
			"gradient": ["assets/arms/armLeft09_Gradient.png",2],
			"highlight": ["assets/arms/armLeft09_Highlight.png",3]
		},
		"useColourHue": true,
		"dependancies": [
			"armRight09"
		]
	},
	{
		"id": "armRight09",
		"targetAnchor": "armRight",
		"positionOffset": [-40.0,-20.0],
		"snapRange": [100.0,100.0],
		"menuScale": 0.75,
		"dragScale": 2.0,
		"targetScale": 1.0,
		"zOrder": 5,
		"categoryId": "none",
		"iconFilename": "assets/arms/ArmsBlack.png",
		"assetSet": {
			"none": ["assets/arms/ClawsBlackRight.png",0],
			"base": ["assets/arms/armRight09_Solid.png",1],
			"gradient": ["assets/arms/armRight09_Gradient.png",2],
			"highlight": ["assets/arms/armRight09_Highlight.png",3]
		},
		"useColourHue": true,
		"dependancies": [
			"armLeft09"
		]
	},
	{
		"id": "armLeft10",
		"targetAnchor": "armLeft",
		"positionOffset": [-20.0,-30.0],
		"snapRange": [100.0,100.0],
		"menuScale": 0.75,
		"dragScale": 2.0,
		"targetScale": 1.0,
		"zOrder": 5,
		"categoryId": "arms",
		"iconFilename": "assets/arms/ArmsAqua.png",
		"assetSet": {
			"base": ["assets/arms/armLeft10_Solid.png",0],
			"gradient": ["assets/arms/armLeft10_Gradient.png",1],
			"shadowLight": ["assets/arms/armLeft10_Top.png",2],
			"shadow": ["assets/arms/armLeft10_Bottom.png",3]
		},
		"useColourHue": true,
		"dependancies": [
			"armRight10"
		]
	},
	{
		"id": "armRight10",
		"targetAnchor": "armRight",
		"positionOffset": [20.0,-30.0],
		"snapRange": [100.0,100.0],
		"menuScale": 0.75,
		"dragScale": 2.0,
		"targetScale": 1.0,
		"zOrder": 5,
		"categoryId": "none",
		"iconFilename": "assets/arms/ArmsAqua.png",
		"assetSet": {
			"base": ["assets/arms/armRight10_Solid.png",0],
			"gradient": ["assets/arms/armRight10_Gradient.png",1],
			"shadowLight": ["assets/arms/armRight10_Top.png",2],
			"shadow": ["assets/arms/armRight10_Bottom.png",3]
		},
		"useColourHue": true,
		"dependancies": [
			"armLeft10"
		]
	},
	{
		"id": "armLeft11",
		"targetAnchor": "armLeft",
		"positionOffset": [5.0,0.0],
		"snapRange": [100.0,100.0],
		"menuScale": 0.75,
		"dragScale": 2.0,
		"targetScale": 1.0,
		"zOrder": -1,
		"categoryId": "arms",
		"iconFilename": "assets/arms/ArmsLightRed.png",
		"assetSet": {
			"base": ["assets/arms/armLeft11_Solid.png",0],
			"gradient": ["assets/arms/armLeft11_Gradient.png",1],
			"shadowLight": ["assets/arms/armLeft11_Shadow.png",2],
			"shadow": ["assets/arms/armLeft11_ShadowGradient.png",3]
		},
		"useColourHue": true,
		"dependancies": [
			"armRight11"
		]
	},
	{
		"id": "armRight11",
		"targetAnchor": "armRight",
		"positionOffset": [-5.0,0.0],
		"snapRange": [100.0,100.0],
		"menuScale": 0.75,
		"dragScale": 2.0,
		"targetScale": 1.0,
		"zOrder": -1,
		"categoryId": "none",
		"iconFilename": "assets/arms/ArmsLightRed.png",
		"assetSet": {
			"base": ["assets/arms/armRight11_Solid.png",0],
			"gradient": ["assets/arms/armRight11_Gradient.png",1],
			"shadowLight": ["assets/arms/armRight11_Shadow.png",2],
			"shadow": ["assets/arms/armRight11_ShadowGradient.png",3]
		},
		"useColourHue": true,
		"dependancies": [
			"armLeft11"
		]
	},
	{
		"id": "armLeft12",
		"targetAnchor": "armLeft",
		"positionOffset": [14.0,-10.0],
		"snapRange": [100.0,100.0],
		"menuScale": 0.75,
		"dragScale": 2.0,
		"targetScale": 1.0,
		"zOrder": 5,
		"categoryId": "arms",
		"iconFilename": "assets/arms/ArmsYellow2.png",
		"assetSet": {
			"base": ["assets/arms/armLeft12_Solid.png",1],
			"gradient": ["assets/arms/armLeft12_Gradient.png",2],
			"shadowLight": ["assets/arms/armLeft12_Shadow.png",0]
		},
		"useColourHue": true,
		"dependancies": [
			"armRight12"
		]
	},
	{
		"id": "armRight12",
		"targetAnchor": "armRight",
		"positionOffset": [-14.0,-10.0],
		"snapRange": [100.0,100.0],
		"menuScale": 0.75,
		"dragScale": 2.0,
		"targetScale": 1.0,
		"zOrder": 5,
		"categoryId": "none",
		"iconFilename": "assets/arms/ArmsYellow2.png",
		"assetSet": {
			"base": ["assets/arms/armRight12_Solid.png",1],
			"gradient": ["assets/arms/armRight12_Gradient.png",2],
			"shadowLight": ["assets/arms/armRight12_Shadow.png",0]
		},
		"useColourHue": true,
		"dependancies": [
			"armLeft12"
		]
	},
	{
		"id": "armLeft13",
		"targetAnchor": "armLeft",
		"positionOffset": [29.0,-9.0],
		"snapRange": [100.0,100.0],
		"menuScale": 0.75,
		"dragScale": 2.0,
		"targetScale": 1.0,
		"zOrder": 5,
		"categoryId": "arms",
		"iconFilename": "assets/arms/ArmsPink2.png",
		"assetSet": {
			"base": ["assets/arms/armLeft13_Solid.png",1],
			"gradient": ["assets/arms/armLeft13_Gradient.png",2],
			"shadowLight": ["assets/arms/armLeft13_Shadow.png",0]
		},
		"useColourHue": true,
		"dependancies": [
			"armRight13"
		]
	},
	{
		"id": "armRight13",
		"targetAnchor": "armRight",
		"positionOffset": [-29.0,-9.0],
		"snapRange": [100.0,100.0],
		"menuScale": 0.75,
		"dragScale": 2.0,
		"targetScale": 1.0,
		"zOrder": 5,
		"categoryId": "none",
		"iconFilename": "assets/arms/ArmsPink2.png",
		"assetSet": {
			"base": ["assets/arms/armRight13_Solid.png",1],
			"gradient": ["assets/arms/armRight13_Gradient.png",2],
			"shadowLight": ["assets/arms/armRight13_Shadow.png",0]
		},
		"useColourHue": true,
		"dependancies": [
			"armLeft13"
		]
	},
	{
		"id": "armLeft14",
		"targetAnchor": "armLeft",
		"positionOffset": [-35.0,0.0],
		"snapRange": [100.0,100.0],
		"menuScale": 0.75,
		"dragScale": 2.0,
		"targetScale": 1.0,
		"zOrder": -1,
		"categoryId": "arms",
		"iconFilename": "assets/arms/ArmsDarkPink2.png",
		"assetSet": {
			"base": ["assets/arms/armLeft14_Solid.png",0],
			"gradient": ["assets/arms/armLeft14_Gradient.png",1]
		},
		"useColourHue": true,
		"dependancies": [
			"armRight14"
		]
	},
	{
		"id": "armRight14",
		"targetAnchor": "armRight",
		"positionOffset": [35.0,0.0],
		"snapRange": [100.0,100.0],
		"menuScale": 0.75,
		"dragScale": 2.0,
		"targetScale": 1.0,
		"zOrder": -1,
		"categoryId": "none",
		"iconFilename": "assets/arms/ArmsDarkPink2.png",
		"assetSet": {
			"base": ["assets/arms/armRight14_Solid.png",0],
			"gradient": ["assets/arms/armRight14_Gradient.png",1]
		},
		"useColourHue": true,
		"dependancies": [
			"armLeft14"
		]
	},
	{
		"id": "armLeft15",
		"targetAnchor": "armLeft",
		"positionOffset": [-35.0,0.0],
		"snapRange": [100.0,100.0],
		"menuScale": 0.75,
		"dragScale": 2.0,
		"targetScale": 1.0,
		"zOrder": -1,
		"categoryId": "arms",
		"iconFilename": "assets/arms/ArmsDarkPink3.png",
		"assetSet": {
			"base": ["assets/arms/armLeft15_Solid.png",0],
			"gradient": ["assets/arms/armLeft15_Gradient.png",1]
		},
		"useColourHue": true,
		"dependancies": [
			"armRight15"
		]
	},
	{
		"id": "armRight15",
		"targetAnchor": "armRight",
		"positionOffset": [35.0,0.0],
		"snapRange": [100.0,100.0],
		"menuScale": 0.75,
		"dragScale": 2.0,
		"targetScale": 1.0,
		"zOrder": -1,
		"categoryId": "none",
		"iconFilename": "assets/arms/ArmsDarkPink3.png",
		"assetSet": {
			"base": ["assets/arms/armRight15_Solid.png",0],
			"gradient": ["assets/arms/armRight15_Gradient.png",1]
		},
		"useColourHue": true,
		"dependancies": [
			"armLeft15"
		]
	},
	{
		"id": "armLeft16",
		"targetAnchor": "armLeft",
		"positionOffset": [0.0,-10.0],
		"snapRange": [100.0,100.0],
		"menuScale": 0.75,
		"dragScale": 2.0,
		"targetScale": 1.0,
		"zOrder": -1,
		"categoryId": "arms",
		"iconFilename": "assets/arms/ArmsOrange2.png",
		"assetSet": {
			"base": ["assets/arms/armLeft16_Solid.png",0],
			"gradient": ["assets/arms/armLeft16_Gradient.png",1]
		},
		"useColourHue": true,
		"dependancies": [
			"armRight16"
		]
	},
	{
		"id": "armRight16",
		"targetAnchor": "armRight",
		"positionOffset": [0.0,-10.0],
		"snapRange": [100.0,100.0],
		"menuScale": 0.75,
		"dragScale": 2.0,
		"targetScale": 1.0,
		"zOrder": -1,
		"categoryId": "none",
		"iconFilename": "assets/arms/ArmsOrange2.png",
		"assetSet": {
			"base": ["assets/arms/armRight16_Solid.png",0],
			"gradient": ["assets/arms/armRight16_Gradient.png",1]
		},
		"useColourHue": true,
		"dependancies": [
			"armLeft16"
		]
	},
	{
		"id": "armLeft17",
		"targetAnchor": "armLeft",
		"positionOffset": [-60.0,70.0],
		"snapRange": [100.0,100.0],
		"menuScale": 0.75,
		"dragScale": 2.0,
		"targetScale": 1.0,
		"zOrder": -1,
		"categoryId": "arms",
		"iconFilename": "assets/arms/ArmsBlack2.png",
		"assetSet": {
			"none": ["assets/arms/ClawsBlackLeft2.png",0],
			"base": ["assets/arms/armLeft17_Solid.png",1],
			"gradient": ["assets/arms/armLeft17_Gradient.png",2]
		},
		"useColourHue": true,
		"dependancies": [
			"armRight17"
		]
	},
	{
		"id": "armRight17",
		"targetAnchor": "armRight",
		"positionOffset": [10.0,-40.0],
		"snapRange": [100.0,100.0],
		"menuScale": 0.75,
		"dragScale": 2.0,
		"targetScale": 1.0,
		"zOrder": 5,
		"categoryId": "none",
		"iconFilename": "assets/arms/ArmsBlack2.png",
		"assetSet": {
			"none": ["assets/arms/ClawsBlackRight2.png",0],
			"base": ["assets/arms/armRight17_Solid.png",1],
			"gradient": ["assets/arms/armRight17_Gradient.png",2]
		},
		"useColourHue": true,
		"dependancies": [
			"armLeft17"
		]
	},
	{
		"id": "armLeft18",
		"targetAnchor": "armLeft",
		"positionOffset": [-35.0,-50.0],
		"snapRange": [100.0,100.0],
		"menuScale": 0.75,
		"dragScale": 2.0,
		"targetScale": 1.0,
		"zOrder": -1,
		"categoryId": "arms",
		"iconFilename": "assets/arms/ArmsBlack3.png",
		"assetSet": {
			"none": ["assets/arms/ClawsBlackLeft3.png",0],
			"base": ["assets/arms/armLeft18_Solid.png",1],
			"gradient": ["assets/arms/armLeft18_Gradient.png",2]
		},
		"useColourHue": true,
		"dependancies": [
			"armRight18"
		]
	},
	{
		"id": "armRight18",
		"targetAnchor": "armRight",
		"positionOffset": [35.0,-50.0],
		"snapRange": [100.0,100.0],
		"menuScale": 0.75,
		"dragScale": 2.0,
		"targetScale": 1.0,
		"zOrder": -1,
		"categoryId": "none",
		"iconFilename": "assets/arms/ArmsBlack3.png",
		"assetSet": {
			"none": ["assets/arms/ClawsBlackRight3.png",0],
			"base": ["assets/arms/armRight18_Solid.png",1],
			"gradient": ["assets/arms/armRight18_Gradient.png",2]
		},
		"useColourHue": true,
		"dependancies": [
			"armLeft18"
		]
	},
	{
		"id": "toy01",
		"targetAnchor": "toy",
		"positionOffset": [75.0,-5.0],
		"snapRange": [100.0,100.0],
		"menuScale": 1.0,
		"dragScale": 2.0,
		"targetScale": 1.0,
		"zOrder": 6,
		"categoryId": "objects",
		"iconFilename": "assets/accessories/Toy1.5.png",
		"assetSet": {
			"base": ["assets/accessories/Toy1.png",0]
		},
		"useColourHue": false,
		"dependancies": [
			"armLeft12",
			"armRight12"
		]
	},
	{
		"id": "toy02",
		"targetAnchor": "toy",
		"positionOffset": [75.0,-5.0],
		"snapRange": [100.0,100.0],
		"menuScale": 1.0,
		"dragScale": 2.0,
		"targetScale": 1.0,
		"zOrder": 6,
		"categoryId": "objects",
		"iconFilename": "assets/accessories/Toy2.5.png",
		"assetSet": {
			"base": ["assets/accessories/Toy2.png",0]
		},
		"useColourHue": false,
		"dependancies": [
			"armLeft12",
			"armRight12"
		]
	},
	{
		"id": "toy03",
		"targetAnchor": "toy",
		"positionOffset": [0.0,15.0],
		"snapRange": [100.0,100.0],
		"menuScale": 1.0,
		"dragScale": 2.0,
		"targetScale": 1.0,
		"zOrder": 6,
		"categoryId": "objects",
		"iconFilename": "assets/accessories/Toy3.png",
		"assetSet": {
			"base": ["assets/accessories/Toy3.png",0]
		},
		"useColourHue": false,
		"dependancies": [
			"armLeft13",
			"armRight13"
		]
	},
	{
		"id": "toy04",
		"targetAnchor": "toy",
		"positionOffset": [0.0,-30.0],
		"snapRange": [100.0,100.0],
		"menuScale": 1.0,
		"dragScale": 2.0,
		"targetScale": 1.0,
		"zOrder": 6,
		"categoryId": "objects",
		"iconFilename": "assets/accessories/Toy4.png",
		"assetSet": {
			"base": ["assets/accessories/Toy4.png",0]
		},
		"useColourHue": false,
		"dependancies": [
			"armLeft13",
			"armRight13"
		]
	},
	{
		"id": "toy05",
		"targetAnchor": "toy",
		"positionOffset": [0.0,15.0],
		"snapRange": [100.0,100.0],
		"menuScale": 1.0,
		"dragScale": 2.0,
		"targetScale": 1.0,
		"zOrder": 6,
		"categoryId": "objects",
		"iconFilename": "assets/accessories/Toy5.png",
		"assetSet": {
			"base": ["assets/accessories/Toy5.png",0]
		},
		"useColourHue": false,
		"dependancies": [
			"armLeft13",
			"armRight13"
		]
	},
	{
		"id": "toy06",
		"targetAnchor": "toy",
		"positionOffset": [-250.0,45.0],
		"snapRange": [100.0,100.0],
		"menuScale": 1.0,
		"dragScale": 2.0,
		"targetScale": 1.0,
		"zOrder": 6,
		"categoryId": "objects",
		"iconFilename": "assets/accessories/Toy6.png",
		"assetSet": {
			"base": ["assets/accessories/Toy6.png",0]
		},
		"useColourHue": false,
		"dependancies": [
			"armLeft04",
			"armRight04"
		]
	},
	{
		"id": "toy07",
		"targetAnchor": "toy",
		"positionOffset": [250.0,130.0],
		"snapRange": [100.0,100.0],
		"menuScale": 1.0,
		"dragScale": 2.0,
		"targetScale": 1.0,
		"zOrder": 6,
		"categoryId": "objects",
		"iconFilename": "assets/accessories/Toy7.png",
		"assetSet": {
			"base": ["assets/accessories/Toy7.png",0]
		},
		"useColourHue": false,
		"dependancies": [
			"armLeft14",
			"armRight14"
		]
	},
	{
		"id": "toy08",
		"targetAnchor": "toy",
		"positionOffset": [220.0,40.0],
		"snapRange": [100.0,100.0],
		"menuScale": 1.0,
		"dragScale": 2.0,
		"targetScale": 1.0,
		"zOrder": 6,
		"categoryId": "objects",
		"iconFilename": "assets/accessories/Toy8.png",
		"assetSet": {
			"base": ["assets/accessories/Toy8.png",0]
		},
		"useColourHue": false,
		"dependancies": [
			"armLeft15",
			"armRight15"
		]
	},
	{
		"id": "toy09",
		"targetAnchor": "toy",
		"positionOffset": [-250.0,270.0],
		"snapRange": [100.0,100.0],
		"menuScale": 1.0,
		"dragScale": 2.0,
		"targetScale": 1.0,
		"zOrder": 6,
		"categoryId": "objects",
		"iconFilename": "assets/accessories/Toy9.png",
		"assetSet": {
			"base": ["assets/accessories/Toy9.png",0]
		},
		"useColourHue": false,
		"dependancies": [
			"armLeft17",
			"armRight17"
		]
	},
	{
		"id": "cape01",
		"targetAnchor": "toy",
		"positionOffset": [0.0,0.0],
		"snapRange": [100.0,100.0],
		"menuScale": 1.0,
		"dragScale": 2.0,
		"targetScale": 1.0,
		"zOrder": -1,
		"categoryId": "objects",
		"iconFilename": "assets/accessories/Cape1.png",
		"assetSet": {
			"base": ["assets/accessories/Cape1.png",0]
		},
		"useColourHue": false
	},
	{
		"id": "hat01",
		"targetAnchor": "head",
		"positionOffset": [0.0,0.0],
		"snapRange": [100.0,100.0],
		"menuScale": 0.75,
		"dragScale": 2.0,
		"targetScale": 1.0,
		"zOrder": 6,
		"categoryId": "hats",
		"iconFilename": "assets/accessories/Hat1.png",
		"assetSet": {
			"base": ["assets/accessories/Hat1.png",0]
		},
		"useColourHue": false
	},
	{
		"id": "hat02",
		"targetAnchor": "head",
		"positionOffset": [0.0,0.0],
		"snapRange": [100.0,100.0],
		"menuScale": 1.0,
		"dragScale": 2.0,
		"targetScale": 1.0,
		"zOrder": 6,
		"categoryId": "hats",
		"iconFilename": "assets/accessories/Hat2.png",
		"assetSet": {
			"base": ["assets/accessories/Hat2.png",0]
		},
		"useColourHue": false
	},
	{
		"id": "hat03",
		"targetAnchor": "head",
		"positionOffset": [0.0,0.0],
		"snapRange": [100.0,100.0],
		"menuScale": 0.75,
		"dragScale": 2.0,
		"targetScale": 1.0,
		"zOrder": 6,
		"categoryId": "hats",
		"iconFilename": "assets/accessories/Hat3.png",
		"assetSet": {
			"base": ["assets/accessories/Hat3.png",0]
		},
		"useColourHue": false
	},
	{
		"id": "hat04",
		"targetAnchor": "head",
		"positionOffset": [0.0,0.0],
		"snapRange": [100.0,100.0],
		"menuScale": 1.0,
		"dragScale": 2.0,
		"targetScale": 1.0,
		"zOrder": 6,
		"categoryId": "hats",
		"iconFilename": "assets/accessories/Hat4.png",
		"assetSet": {
			"base": ["assets/accessories/Hat4.png",0]
		},
		"useColourHue": false
	},
	{
		"id": "hat05",
		"targetAnchor": "head",
		"positionOffset": [0.0,-15.0],
		"snapRange": [100.0,100.0],
		"menuScale": 0.9,
		"dragScale": 2.0,
		"targetScale": 1.0,
		"zOrder": 6,
		"categoryId": "hats",
		"iconFilename": "assets/accessories/Hat5.png",
		"assetSet": {
			"base": ["assets/accessories/Hat5.png",0]
		},
		"useColourHue": false
	},
	{
		"id": "hat06",
		"targetAnchor": "head",
		"positionOffset": [0.0,0.0],
		"snapRange": [100.0,100.0],
		"menuScale": 0.75,
		"dragScale": 2.0,
		"targetScale": 1.0,
		"zOrder": 6,
		"categoryId": "hats",
		"iconFilename": "assets/accessories/Hat6.png",
		"assetSet": {
			"base": ["assets/accessories/Hat6.png",0]
		},
		"useColourHue": false
	},
	{
		"id": "hat07",
		"targetAnchor": "head",
		"positionOffset": [0.0,0.0],
		"snapRange": [100.0,100.0],
		"menuScale": 0.75,
		"dragScale": 2.0,
		"targetScale": 1.0,
		"zOrder": 6,
		"categoryId": "hats",
		"iconFilename": "assets/accessories/Hat7.png",
		"assetSet": {
			"base": ["assets/accessories/Hat7.png",0]
		},
		"useColourHue": false
	},
	{
		"id": "hat08",
		"targetAnchor": "head",
		"positionOffset": [0.0,-40.0],
		"snapRange": [100.0,100.0],
		"menuScale": 0.75,
		"dragScale": 2.0,
		"targetScale": 1.0,
		"zOrder": 6,
		"categoryId": "hats",
		"iconFilename": "assets/accessories/Hat8.png",
		"assetSet": {
			"base": ["assets/accessories/Hat8.png",0]
		},
		"useColourHue": false
	},
	{
		"id": "hat09",
		"targetAnchor": "head",
		"positionOffset": [0.0,0.0],
		"snapRange": [100.0,100.0],
		"menuScale": 0.9,
		"dragScale": 2.0,
		"targetScale": 1.0,
		"zOrder": 6,
		"categoryId": "hats",
		"iconFilename": "assets/accessories/Hat9.png",
		"assetSet": {
			"base": ["assets/accessories/Hat9.png",0]
		},
		"useColourHue": false
	},
	{
		"id": "hat10",
		"targetAnchor": "head",
		"positionOffset": [0.0,-90.0],
		"snapRange": [100.0,100.0],
		"menuScale": 0.75,
		"dragScale": 2.0,
		"targetScale": 1.0,
		"zOrder": 6,
		"categoryId": "hats",
		"iconFilename": "assets/accessories/Hat10.png",
		"assetSet": {
			"base": ["assets/accessories/Hat10.png",0]
		},
		"useColourHue": false
	},
	{
		"id": "hat11",
		"targetAnchor": "head",
		"positionOffset": [0.0,0.0],
		"snapRange": [100.0,100.0],
		"menuScale": 0.9,
		"dragScale": 2.0,
		"targetScale": 1.0,
		"zOrder": 6,
		"categoryId": "hats",
		"iconFilename": "assets/accessories/Hat11.png",
		"assetSet": {
			"base": ["assets/accessories/Hat11.png",0]
		},
		"useColourHue": false
	},
	{
		"id": "hat12",
		"targetAnchor": "head",
		"positionOffset": [0.0,0.0],
		"snapRange": [100.0,100.0],
		"menuScale": 0.80,
		"dragScale": 2.0,
		"targetScale": 1.0,
		"zOrder": 6,
		"categoryId": "hats",
		"iconFilename": "assets/accessories/Hat12.png",
		"assetSet": {
			"base": ["assets/accessories/Hat12.png",0]
		},
		"useColourHue": false
	},
	{
		"id": "hat13",
		"targetAnchor": "head",
		"positionOffset": [0.0,-20.0],
		"snapRange": [100.0,100.0],
		"menuScale": 0.8,
		"dragScale": 2.0,
		"targetScale": 1.0,
		"zOrder": 6,
		"categoryId": "hats",
		"iconFilename": "assets/accessories/Hat13.png",
		"assetSet": {
			"base": ["assets/accessories/Hat13.png",0]
		},
		"useColourHue": false
	},
	{
		"id": "hat14",
		"targetAnchor": "head",
		"positionOffset": [0.0,-40.0],
		"snapRange": [100.0,100.0],
		"menuScale": 0.8,
		"dragScale": 2.0,
		"targetScale": 1.0,
		"zOrder": 6,
		"categoryId": "hats",
		"iconFilename": "assets/accessories/Hat14.png",
		"assetSet": {
			"base": ["assets/accessories/Hat14.png",0]
		},
		"useColourHue": false
	},
	{
		"id": "hat15",
		"targetAnchor": "head",
		"positionOffset": [0.0,-55.0],
		"snapRange": [100.0,100.0],
		"menuScale": 0.8,
		"dragScale": 2.0,
		"targetScale": 1.0,
		"zOrder": 6,
		"categoryId": "hats",
		"iconFilename": "assets/accessories/Hat15.png",
		"assetSet": {
			"base": ["assets/accessories/Hat15.png",0]
		},
		"useColourHue": false
	},
	{
		"id": "hat16",
		"targetAnchor": "head",
		"positionOffset": [0.0,-80.0],
		"snapRange": [100.0,100.0],
		"menuScale": 0.8,
		"dragScale": 2.0,
		"targetScale": 1.0,
		"zOrder": 6,
		"categoryId": "hats",
		"iconFilename": "assets/accessories/Hat16.png",
		"assetSet": {
			"base": ["assets/accessories/Hat16.png",0]
		},
		"useColourHue": false
	},
	{
		"id": "hat17",
		"targetAnchor": "head",
		"positionOffset": [0.0,-100.0],
		"snapRange": [100.0,100.0],
		"menuScale": 0.8,
		"dragScale": 2.0,
		"targetScale": 1.0,
		"zOrder": 6,
		"categoryId": "hats",
		"iconFilename": "assets/accessories/Hat17.png",
		"assetSet": {
			"base": ["assets/accessories/Hat17.png",0]
		},
		"useColourHue": false
	},
	{
		"id": "hat18",
		"targetAnchor": "head",
		"positionOffset": [0.0,-10.0],
		"snapRange": [100.0,100.0],
		"menuScale": 0.8,
		"dragScale": 2.0,
		"targetScale": 1.0,
		"zOrder": 6,
		"categoryId": "hats",
		"iconFilename": "assets/accessories/Hat18.png",
		"assetSet": {
			"base": ["assets/accessories/Hat18.png",0]
		},
		"useColourHue": false
	},
	{
		"id": "hat19",
		"targetAnchor": "head",
		"positionOffset": [0.0,-10.0],
		"snapRange": [100.0,100.0],
		"menuScale": 1.0,
		"dragScale": 2.0,
		"targetScale": 1.0,
		"zOrder": 6,
		"categoryId": "hats",
		"iconFilename": "assets/accessories/Hat19.png",
		"assetSet": {
			"base": ["assets/accessories/Hat19.png",0]
		},
		"useColourHue": false
	},
	{
		"id": "hat20",
		"targetAnchor": "head",
		"positionOffset": [0.0,-40.0],
		"snapRange": [100.0,100.0],
		"menuScale": 0.8,
		"dragScale": 2.0,
		"targetScale": 1.0,
		"zOrder": 6,
		"categoryId": "hats",
		"iconFilename": "assets/accessories/Hat20.png",
		"assetSet": {
			"base": ["assets/accessories/Hat20.png",0]
		},
		"useColourHue": false
	},
	{
		"id": "hat21",
		"targetAnchor": "head",
		"positionOffset": [0.0,-40.0],
		"snapRange": [100.0,100.0],
		"menuScale": 0.8,
		"dragScale": 2.0,
		"targetScale": 1.0,
		"zOrder": 6,
		"categoryId": "hats",
		"iconFilename": "assets/accessories/Hat21.png",
		"assetSet": {
			"base": ["assets/accessories/Hat21.png",0]
		},
		"useColourHue": false
	},
	{
		"id": "hat22",
		"targetAnchor": "head",
		"positionOffset": [0.0,-110.0],
		"snapRange": [100.0,100.0],
		"menuScale": 0.8,
		"dragScale": 2.0,
		"targetScale": 1.0,
		"zOrder": 6,
		"categoryId": "hats",
		"iconFilename": "assets/accessories/Hat22.png",
		"assetSet": {
			"base": ["assets/accessories/Hat22.png",0]
		},
		"useColourHue": false
	},
	{
		"id": "hat23",
		"targetAnchor": "head",
		"positionOffset": [0.0,-100.0],
		"snapRange": [100.0,100.0],
		"menuScale": 0.8,
		"dragScale": 2.0,
		"targetScale": 1.0,
		"zOrder": 6,
		"categoryId": "hats",
		"iconFilename": "assets/accessories/Hat23.png",
		"assetSet": {
			"base": ["assets/accessories/Hat23.png",0]
		},
		"useColourHue": false
	},
	{
		"id": "hat24",
		"targetAnchor": "head",
		"positionOffset": [0.0,-110.0],
		"snapRange": [100.0,100.0],
		"menuScale": 0.8,
		"dragScale": 2.0,
		"targetScale": 1.0,
		"zOrder": 6,
		"categoryId": "hats",
		"iconFilename": "assets/accessories/Hat24.png",
		"assetSet": {
			"base": ["assets/accessories/Hat24.png",0]
		},
		"useColourHue": false
	},
	{
		"id": "face01",
		"targetAnchor": "face",
		"positionOffset": [0.0,0.0],
		"snapRange": [100.0,100.0],
		"menuScale": 1.0,
		"dragScale": 2.0,
		"targetScale": 1.0,
		"zOrder": 4,
		"categoryId": "faces",
		"iconFilename": "assets/faces/Eyes_Brown.png",
		"assetSet": {
			"shadowEyes": ["assets/faces/Eyes_Shadow.png",0],
			"none": ["assets/faces/Eyes_Brown.png",1]
		},
		"useColourHue": true
	},
	{
		"id": "face02",
		"targetAnchor": "face",
		"positionOffset": [0.0,0.0],
		"snapRange": [100.0,100.0],
		"menuScale": 1.0,
		"dragScale": 2.0,
		"targetScale": 1.0,
		"zOrder": 4,
		"categoryId": "faces",
		"iconFilename": "assets/faces/Eyes_Black.png",
		"assetSet": {
			"shadowEyes": ["assets/faces/Eyes_Shadow.png",0],
			"none": ["assets/faces/Eyes_Black.png",1]
		},
		"useColourHue": true
	},
	{
		"id": "face03",
		"targetAnchor": "face",
		"positionOffset": [0.0,-15.0],
		"snapRange": [100.0,100.0],
		"menuScale": 1.0,
		"dragScale": 2.0,
		"targetScale": 1.0,
		"zOrder": 4,
		"categoryId": "faces",
		"iconFilename": "assets/faces/Eyes_Brown_2.png",
		"assetSet": {
			"gloss": ["assets/faces/Eyes_Shadow_2.png",0],
			"highlight": ["assets/faces/Oomee_Cheeks.png",1],
			"none": ["assets/faces/Eyes_Brown_2.png",2]
		},
		"useColourHue": true
	},
	{
		"id": "face04",
		"targetAnchor": "face",
		"positionOffset": [0.0,0.0],
		"snapRange": [100.0,100.0],
		"menuScale": 1.0,
		"dragScale": 2.0,
		"targetScale": 1.0,
		"zOrder": 4,
		"categoryId": "faces",
		"iconFilename": "assets/faces/EyesMouth03.png",
		"assetSet": {
			"shadowEyes": ["assets/faces/EyesShadow03.png",0],
			"none": ["assets/faces/EyesMouth03.png",1]
		},
		"useColourHue": true
	},
	{
		"id": "face05",
		"targetAnchor": "face",
		"positionOffset": [0.0,0.0],
		"snapRange": [100.0,100.0],
		"menuScale": 1.0,
		"dragScale": 2.0,
		"targetScale": 1.0,
		"zOrder": 4,
		"categoryId": "faces",
		"iconFilename": "assets/faces/Eyes_Mouth_Black.png",
		"assetSet": {
			"shadowEyes": ["assets/faces/Eyes_Shadow.png",0],
			"none": ["assets/faces/Eyes_Mouth_Black.png",1]
		},
		"useColourHue": true
	},
	{
		"id": "face06",
		"targetAnchor": "face",
		"positionOffset": [0.0,0.0],
		"snapRange": [100.0,100.0],
		"menuScale": 1.0,
		"dragScale": 2.0,
		"targetScale": 1.0,
		"zOrder": 4,
		"categoryId": "faces",
		"iconFilename": "assets/faces/EyesMouth04.png",
		"assetSet": {
			"shadowEyes": ["assets/faces/EyesShadow07.png",0],
			"none": ["assets/faces/EyesMouth04.png",1]
		},
		"useColourHue": true
	},
	{
		"id": "face07",
		"targetAnchor": "face",
		"positionOffset": [0.0,0.0],
		"snapRange": [100.0,100.0],
		"menuScale": 1.0,
		"dragScale": 2.0,
		"targetScale": 1.0,
		"zOrder": 4,
		"categoryId": "faces",
		"iconFilename": "assets/faces/EyesBlack03.png",
		"assetSet": {
			"none": ["assets/faces/EyesBlack03.png",0]
		},
		"useColourHue": true
	},
	{
		"id": "face08",
		"targetAnchor": "face",
		"positionOffset": [0.0,0.0],
		"snapRange": [100.0,100.0],
		"menuScale": 1.0,
		"dragScale": 2.0,
		"targetScale": 1.0,
		"zOrder": 4,
		"categoryId": "faces",
		"iconFilename": "assets/faces/EyesMouth05.png",
		"assetSet": {
			"none": ["assets/faces/EyesMouth05.png",0]
		},
		"useColourHue": true
	},
	{
		"id": "face09",
		"targetAnchor": "face",
		"positionOffset": [0.0,0.0],
		"snapRange": [100.0,100.0],
		"menuScale": 1.0,
		"dragScale": 2.0,
		"targetScale": 1.0,
		"zOrder": 4,
		"categoryId": "faces",
		"iconFilename": "assets/faces/EyesMouthBlack02.png",
		"assetSet": {
			"shadowEyes": ["assets/faces/EyesShadow05.png",0],
			"none": ["assets/faces/EyesMouthBlack02.png",1]
		},
		"useColourHue": true
	},
	{
		"id": "face10",
		"targetAnchor": "face",
		"positionOffset": [0.0,10.0],
		"snapRange": [100.0,100.0],
		"menuScale": 1.0,
		"dragScale": 2.0,
		"targetScale": 1.0,
		"zOrder": 4,
		"categoryId": "faces",
		"iconFilename": "assets/faces/EyesMouth06.png",
		"assetSet": {
			"none": ["assets/faces/EyesMouth06.png",0]
		},
		"useColourHue": true
	},
	{
		"id": "face11",
		"targetAnchor": "face",
		"positionOffset": [0.0,0.0],
		"snapRange": [100.0,100.0],
		"menuScale": 1.0,
		"dragScale": 2.0,
		"targetScale": 1.0,
		"zOrder": 4,
		"categoryId": "faces",
		"iconFilename": "assets/faces/EyesMouth07.png",
		"assetSet": {
			"none": ["assets/faces/EyesMouth07.png",0]
		},
		"useColourHue": true
	},
	{
		"id": "face12",
		"targetAnchor": "face",
		"positionOffset": [0.0,0.0],
		"snapRange": [100.0,100.0],
		"menuScale": 1.0,
		"dragScale": 2.0,
		"targetScale": 1.0,
		"zOrder": 4,
		"categoryId": "faces",
		"iconFilename": "assets/faces/EyesMouth08.png",
		"assetSet": {
			"shadowEyes": ["assets/faces/EyesMouth08_Shadow.png",0],
			"none": ["assets/faces/EyesMouth08.png",1]
		},
		"useColourHue": true
	},
	{
		"id": "face13",
		"targetAnchor": "face",
		"positionOffset": [0.0,0.0],
		"snapRange": [100.0,100.0],
		"menuScale": 1.0,
		"dragScale": 2.0,
		"targetScale": 1.0,
		"zOrder": 4,
		"categoryId": "faces",
		"iconFilename": "assets/faces/EyesMouth09.png",
		"assetSet": {
			"highlight": ["assets/faces/EyesMouth09TopShadow.png",0],
			"shadowEyes": ["assets/faces/EyesMouth09BottomShadow.png",1],
			"none": ["assets/faces/EyesMouth09.png",2]
		},
		"useColourHue": true
	},
	{
		"id": "face14",
		"targetAnchor": "face",
		"positionOffset": [0.0,0.0],
		"snapRange": [100.0,100.0],
		"menuScale": 1.0,
		"dragScale": 2.0,
		"targetScale": 1.0,
		"zOrder": 4,
		"categoryId": "faces",
		"iconFilename": "assets/faces/EyesMouth10.png",
		"assetSet": {
			"none": ["assets/faces/EyesMouth10.png",0]
		},
		"useColourHue": true
	},
	{
		"id": "face15",
		"targetAnchor": "face",
		"positionOffset": [0.0,-15.0],
		"snapRange": [100.0,100.0],
		"menuScale": 1.0,
		"dragScale": 2.0,
		"targetScale": 1.0,
		"zOrder": 4,
		"categoryId": "faces",
		"iconFilename": "assets/faces/EyesMouth11.png",
		"assetSet": {
			"shadowEyes": ["assets/faces/EyesMouth11Shadow.png",0],
			"none": ["assets/faces/EyesMouth11.png",1]
		},
		"useColourHue": true
	},
	{
		"id": "face16",
		"targetAnchor": "face",
		"positionOffset": [0.0,-10.0],
		"snapRange": [100.0,100.0],
		"menuScale": 1.0,
		"dragScale": 2.0,
		"targetScale": 1.0,
		"zOrder": 4,
		"categoryId": "faces",
		"iconFilename": "assets/faces/EyesMouth12.png",
		"assetSet": {
			"shadowEyes": ["assets/faces/EyesMouth12Shadow.png",0],
			"none": ["assets/faces/EyesMouth12.png",1]
		},
		"useColourHue": true
	},
	{
		"id": "face17",
		"targetAnchor": "face",
		"positionOffset": [0.0,0.0],
		"snapRange": [100.0,100.0],
		"menuScale": 1.0,
		"dragScale": 2.0,
		"targetScale": 1.0,
		"zOrder": 4,
		"categoryId": "faces",
		"iconFilename": "assets/faces/EyesMouth13.png",
		"assetSet": {
			"shadowEyes": ["assets/faces/EyesMouth13Shadow.png",0],
			"none": ["assets/faces/EyesMouth13.png",1]
		},
		"useColourHue": true
	},
	{
		"id": "face18",
		"targetAnchor": "face",
		"positionOffset": [0.0,0.0],
		"snapRange": [100.0,100.0],
		"menuScale": 1.0,
		"dragScale": 2.0,
		"targetScale": 1.0,
		"zOrder": 4,
		"categoryId": "faces",
		"iconFilename": "assets/faces/EyesMouth14.png",
		"assetSet": {
			"none": ["assets/faces/EyesMouth14.png",0]
		},
		"useColourHue": true
	},
	{
		"id": "face19",
		"targetAnchor": "face",
		"positionOffset": [0.0,-10.0],
		"snapRange": [100.0,100.0],
		"menuScale": 1.0,
		"dragScale": 2.0,
		"targetScale": 1.0,
		"zOrder": 4,
		"categoryId": "faces",
		"iconFilename": "assets/faces/EyesMouth15.png",
		"assetSet": {
			"shadowEyes": ["assets/faces/EyesMouth15_Shadow.png",0],
			"none": ["assets/faces/EyesMouth15.png",1]
		},
		"useColourHue": true
	},
	{
		"id": "face20",
		"targetAnchor": "face",
		"positionOffset": [0.0,0.0],
		"snapRange": [100.0,100.0],
		"menuScale": 1.0,
		"dragScale": 2.0,
		"targetScale": 1.0,
		"zOrder": 4,
		"categoryId": "faces",
		"iconFilename": "assets/faces/EyesMouth16.png",
		"assetSet": {
			"shadowEyes": ["assets/faces/EyesMouth16_Shadow.png",0],
			"none": ["assets/faces/EyesMouth16.png",1]
		},
		"useColourHue": true
	},
	{
		"id": "face21",
		"targetAnchor": "face",
		"positionOffset": [0.0,0.0],
		"snapRange": [100.0,100.0],
		"menuScale": 1.0,
		"dragScale": 2.0,
		"targetScale": 1.0,
		"zOrder": 4,
		"categoryId": "faces",
		"iconFilename": "assets/faces/EyesMouth17.png",
		"assetSet": {
			"none": ["assets/faces/EyesMouth17.png",0]
		},
		"useColourHue": true
	},
	{
		"id": "glasses01",
		"targetAnchor": "eyes",
		"positionOffset": [0.0,-50.0],
		"snapRange": [100.0,100.0],
		"menuScale": 1.0,
		"dragScale": 2.0,
		"targetScale": 1.0,
		"zOrder": 6,
		"categoryId": "faces",
		"iconFilename": "assets/accessories/Glasses1.png",
		"assetSet": {
			"base": ["assets/accessories/Glasses1.png",0]
		},
		"useColourHue": false
	},
	{
		"id": "glasses02",
		"targetAnchor": "eyes",
		"positionOffset": [0.0,-50.0],
		"snapRange": [100.0,100.0],
		"menuScale": 1.0,
		"dragScale": 2.0,
		"targetScale": 1.0,
		"zOrder": 6,
		"categoryId": "faces",
		"iconFilename": "assets/accessories/Glasses2.png",
		"assetSet": {
			"base": ["assets/accessories/Glasses2.png",0]
		},
		"useColourHue": false
	},
	{
		"id": "ears01",
		"targetAnchor": "ears",
		"positionOffset": [0.0,-20.0],
		"snapRange": [100.0,100.0],
		"menuScale": 1.0,
		"dragScale": 2.0,
		"targetScale": 1.0,
		"zOrder": -1,
		"categoryId": "ears",
		"iconFilename": "assets/ears/Oomee_Ears_Yellow.png",
		"assetSet": {
			"base": ["assets/ears/Oomee_Ear_Solid.png",0],
			"gradient": ["assets/ears/Oomee_Ear_Gradient.png",1],
			"shadowLight": ["assets/ears/Oomee_Ear_Shadow.png",2]
		},
		"useColourHue": true
	},
	{
		"id": "ears02",
		"targetAnchor": "ears",
		"positionOffset": [0.0,-45.0],
		"snapRange": [100.0,100.0],
		"menuScale": 1.0,
		"dragScale": 2.0,
		"targetScale": 1.0,
		"zOrder": -1,
		"categoryId": "ears",
		"iconFilename": "assets/ears/Oomee_Ears_Blue.png",
		"assetSet": {
			"faceGradient": ["assets/ears/ear02_Solid.png",0],
			"shadowLight": ["assets/ears/ear02_Gradient.png",1]
		},
		"useColourHue": true
	},
	{
		"id": "ears03",
		"targetAnchor": "ears",
		"positionOffset": [0.0,-20.0],
		"snapRange": [100.0,100.0],
		"menuScale": 1.0,
		"dragScale": 2.0,
		"targetScale": 1.0,
		"zOrder": -1,
		"categoryId": "ears",
		"iconFilename": "assets/ears/EarsRed.png",
		"assetSet": {
			"base": ["assets/ears/ear03_Solid.png",0],
			"gradient": ["assets/ears/ear03_Gradient.png",1]
		},
		"useColourHue": true
	},
	{
		"id": "ears04",
		"targetAnchor": "ears",
		"positionOffset": [0.0,-40.0],
		"snapRange": [100.0,100.0],
		"menuScale": 1.0,
		"dragScale": 2.0,
		"targetScale": 1.0,
		"zOrder": -1,
		"categoryId": "ears",
		"iconFilename": "assets/ears/EarsBlack.png",
		"assetSet": {
			"shadowLight": ["assets/ears/ear04_Base.png",0],
			"base": ["assets/ears/ear04_Stripe.png",1],
			"shadow": ["assets/ears/ear04_Shadow.png",2],
			"gloss": ["assets/ears/ear04_Highlight.png",3]
		},
		"useColourHue": true
	},
	{
		"id": "ears05",
		"targetAnchor": "ears",
		"positionOffset": [0.0,-45.0],
		"snapRange": [100.0,100.0],
		"menuScale": 1.0,
		"dragScale": 2.0,
		"targetScale": 1.0,
		"zOrder": -1,
		"categoryId": "ears",
		"iconFilename": "assets/ears/EarsAqua.png",
		"assetSet": {
			"base": ["assets/ears/ear05_Solid.png",0],
			"shadow": ["assets/ears/ear05_Dark.png",1],
			"gloss": ["assets/ears/ear05_Top.png",2]
		},
		"useColourHue": true
	},
	{
		"id": "ears06",
		"targetAnchor": "ears",
		"positionOffset": [0.0,-15.0],
		"snapRange": [100.0,100.0],
		"menuScale": 1.0,
		"dragScale": 2.0,
		"targetScale": 1.0,
		"zOrder": -1,
		"categoryId": "ears",
		"iconFilename": "assets/ears/EarsLightRed.png",
		"assetSet": {
			"base": ["assets/ears/ear06_Solid.png",0],
			"gradient": ["assets/ears/ear06_Gradient.png",1],
			"highlight": ["assets/ears/ear06_Top.png",2]
		},
		"useColourHue": true
	},
	{
		"id": "ears07",
		"targetAnchor": "ears",
		"positionOffset": [0.0,30.0],
		"snapRange": [100.0,100.0],
		"menuScale": 1.0,
		"dragScale": 2.0,
		"targetScale": 1.0,
		"zOrder": -1,
		"categoryId": "ears",
		"iconFilename": "assets/ears/EarsYellow2.png",
		"assetSet": {
			"base": ["assets/ears/ear07_Solid.png",0],
			"gradient": ["assets/ears/ear07_Gradient.png",1]
		},
		"useColourHue": true
	},
	{
		"id": "ears08",
		"targetAnchor": "ears",
		"positionOffset": [0.0,25.0],
		"snapRange": [100.0,100.0],
		"menuScale": 1.0,
		"dragScale": 2.0,
		"targetScale": 1.0,
		"zOrder": -1,
		"categoryId": "ears",
		"iconFilename": "assets/ears/EarsYellow3.png",
		"assetSet": {
			"base": ["assets/ears/ear08_Solid.png",0],
			"gradient": ["assets/ears/ear08_Gradient.png",1],
			"highlight": ["assets/ears/ear08_Highlight.png",2]
		},
		"useColourHue": true
	},
	{
		"id": "ears09",
		"targetAnchor": "ears",
		"positionOffset": [0.0,15.0],
		"snapRange": [100.0,100.0],
		"menuScale": 1.0,
		"dragScale": 2.0,
		"targetScale": 1.0,
		"zOrder": -1,
		"categoryId": "ears",
		"iconFilename": "assets/ears/PinkAntena2.png",
		"assetSet": {
			"base": ["assets/ears/ear09_Solid.png",0],
			"gradient": ["assets/ears/ear09_Gradient.png",1],
			"highlight": ["assets/ears/ear09_Top.png",2]
		},
		"useColourHue": true
	},
	{
		"id": "ears10",
		"targetAnchor": "ears",
		"positionOffset": [0.0,-70.0],
		"snapRange": [100.0,100.0],
		"menuScale": 1.0,
		"dragScale": 2.0,
		"targetScale": 1.0,
		"zOrder": -1,
		"categoryId": "ears",
		"iconFilename": "assets/ears/EarsDarkPink.png",
		"assetSet": {
			"base": ["assets/ears/ear10_Solid.png",0],
			"highlight": ["assets/ears/ear10_Top.png",1]
		},
		"useColourHue": true
	},
	{
		"id": "ears11",
		"targetAnchor": "ears",
		"positionOffset": [0.0,40.0],
		"snapRange": [100.0,100.0],
		"menuScale": 1.0,
		"dragScale": 2.0,
		"targetScale": 1.0,
		"zOrder": -1,
		"categoryId": "ears",
		"iconFilename": "assets/ears/PurpleAntenna2.png",
		"assetSet": {
			"base": ["assets/ears/ear11_Solid.png",0]
		},
		"useColourHue": true
	},
	{
		"id": "ears12",
		"targetAnchor": "ears",
		"positionOffset": [-60.0,25.0],
		"snapRange": [100.0,100.0],
		"menuScale": 1.0,
		"dragScale": 2.0,
		"targetScale": 1.0,
		"zOrder": -1,
		"categoryId": "ears",
		"iconFilename": "assets/ears/OrangeAntenna2.png",
		"assetSet": {
			"base": ["assets/ears/ear12_Bottom.png",1],
			"highlight": ["assets/ears/ear12_Solid.png",0],
			"gloss": ["assets/ears/ear12_Top.png",2]

		},
		"useColourHue": true
	},
	{
		"id": "ears13",
		"targetAnchor": "ears",
		"positionOffset": [0.0,50.0],
		"snapRange": [100.0,100.0],
		"menuScale": 1.0,
		"dragScale": 2.0,
		"targetScale": 1.0,
		"zOrder": -1,
		"categoryId": "ears",
		"iconFilename": "assets/ears/OrangeAntenna3.png",
		"assetSet": {
			"face": ["assets/ears/ear13_Solid.png",0],
			"gradient": ["assets/ears/ear13_Gradient.png",1],
			"highlight": ["assets/ears/ear13_Top.png",2],
			"shadowLight": ["assets/ears/ear13_Shadow.png",3]

		},
		"useColourHue": true
	},
	{
		"id": "ears14",
		"targetAnchor": "ears",
		"positionOffset": [0.0,-20.0],
		"snapRange": [100.0,100.0],
		"menuScale": 1.0,
		"dragScale": 2.0,
		"targetScale": 1.0,
		"zOrder": -1,
		"categoryId": "ears",
		"iconFilename": "assets/ears/EarsBlue2.png",
		"assetSet": {
			"highlight": ["assets/ears/ear14_Solid.png",0],
			"shadowLight": ["assets/ears/ear14_Gradient.png",1],
			"base": ["assets/ears/ear14_Top.png",2],
			"gradient": ["assets/ears/ear14_TopGradient.png",3]

		},
		"useColourHue": true
	},
	{
		"id": "ears15",
		"targetAnchor": "ears",
		"positionOffset": [0.0,-60.0],
		"snapRange": [100.0,100.0],
		"menuScale": 1.0,
		"dragScale": 2.0,
		"targetScale": 1.0,
		"zOrder": -1,
		"categoryId": "ears",
		"iconFilename": "assets/ears/EarsGreen.png",
		"assetSet": {
			"base": ["assets/ears/ear15_Solid.png",0],
			"gradient": ["assets/ears/ear15_Gradient.png",1],
			"highlight": ["assets/ears/ear15_Top.png",3],
			"none": ["assets/ears/EarsGreen.2.png",2]

		},
		"useColourHue": true
	},
	{
		"id": "ears16",
		"targetAnchor": "ears",
		"positionOffset": [0.0,15.0],
		"snapRange": [100.0,100.0],
		"menuScale": 1.0,
		"dragScale": 2.0,
		"targetScale": 1.0,
		"zOrder": -1,
		"categoryId": "ears",
		"iconFilename": "assets/ears/EarsRed2.png",
		"assetSet": {
			"base": ["assets/ears/ear16_Solid.png",0],
			"highlight": ["assets/ears/ear16_Top.png",1]
		},
		"useColourHue": true
	},
	{
		"id": "ears17",
		"targetAnchor": "ears",
		"positionOffset": [0.0,15.0],
		"snapRange": [100.0,100.0],
		"menuScale": 1.0,
		"dragScale": 2.0,
		"targetScale": 1.0,
		"zOrder": 5,
		"categoryId": "ears",
		"iconFilename": "assets/ears/EarsAqua2.png",
		"assetSet": {
			"base": ["assets/ears/ear17_Solid.png",0],
			"gradient": ["assets/ears/ear17_Bottom.png",1],
			"gloss": ["assets/ears/ear17_Top.png",2],
			"none": ["assets/ears/Hat21.png",3]

		},
		"useColourHue": true
	},
	{
		"id": "ears18",
		"targetAnchor": "ears",
		"positionOffset": [0.0,0.0],
		"snapRange": [100.0,100.0],
		"menuScale": 1.0,
		"dragScale": 2.0,
		"targetScale": 1.0,
		"zOrder": -1,
		"categoryId": "ears",
		"iconFilename": "assets/ears/EarsLightRed2.png",
		"assetSet": {
			"base": ["assets/ears/ear18_Solid.png",0]
		},
		"useColourHue": true
	},
	{
		"id": "antenna01",
		"targetAnchor": "ears",
		"positionOffset": [0.0,25.0],
		"snapRange": [100.0,100.0],
		"menuScale": 1.0,
		"dragScale": 2.0,
		"targetScale": 1.0,
		"zOrder": -1,
		"categoryId": "ears",
		"iconFilename": "assets/hair/antenna_Pink.png",
		"assetSet": {
			"base": ["assets/hair/antenna01_Solid.png",0],
			"gradient": ["assets/hair/antenna01_Gradient.png",1]
		},
		"useColourHue": true
	},
	{
		"id": "antenna02",
		"targetAnchor": "ears",
		"positionOffset": [0.0,0.0],
		"snapRange": [100.0,100.0],
		"menuScale": 1.0,
		"dragScale": 2.0,
		"targetScale": 1.0,
		"zOrder": -1,
		"categoryId": "ears",
		"iconFilename": "assets/hair/antenna_DarkPink.png",
		"assetSet": {
			"base": ["assets/hair/antenna02.png",0]
		},
		"useColourHue": true
	},
	{
		"id": "antenna03",
		"targetAnchor": "ears",
		"positionOffset": [0.0,0.0],
		"snapRange": [100.0,100.0],
		"menuScale": 1.0,
		"dragScale": 2.0,
		"targetScale": 1.0,
		"zOrder": -1,
		"categoryId": "ears",
		"iconFilename": "assets/hair/antenna_Purple.png",
		"assetSet": {
			"gradient": ["assets/hair/antenna03_Bottom.png",0],
			"base": ["assets/hair/antenna03_Middle.png",1],
			"highlight": ["assets/hair/antenna03_Top.png",2],
			"gloss": ["assets/hair/antenna03_Top_Shadow.png",3]
		},
		"useColourHue": true
	},
	{
		"id": "antenna04",
		"targetAnchor": "ears",
		"positionOffset": [0.0,5.0],
		"snapRange": [100.0,100.0],
		"menuScale": 1.0,
		"dragScale": 2.0,
		"targetScale": 1.0,
		"zOrder": -1,
		"categoryId": "ears",
		"iconFilename": "assets/hair/antenna_Orange.png",
		"assetSet": {
			"highlight": ["assets/hair/antenna04_Bottom.png",0],
			"face": ["assets/hair/antenna04_Middle.png",1],
			"gloss": ["assets/hair/antenna04_Top.png",2]
		},
		"useColourHue": true
	},
	{
		"id": "horns01",
		"targetAnchor": "ears",
		"positionOffset": [0.0,-105.0],
		"snapRange": [100.0,100.0],
		"menuScale": 1.0,
		"dragScale": 2.0,
		"targetScale": 1.0,
		"zOrder": -1,
		"categoryId": "ears",
		"iconFilename": "assets/accessories/Horns2.png",
		"assetSet": {
			"base": ["assets/accessories/Horns2.png",0]
		},
		"useColourHue": false
	}
]