{
 "nodeId": "iap_upgrade_video",
 "groupId": [
   "upgrade"
 ],
 "nodeSize": [
   70.0,
   72.0
 ],
 "nodeText": {
    "titleText": {
        "position": [50.0,95.0],
        "text": "Unlock 1000+\nhand-picked videos",
        "alignment": "centre",
        "fontSize": 80,
        "colour": [0,0,0,255]
    },
    "bodyText": [
        {
            "position": [50.0,41.0],
            "text": "Then <iapPrice>/month. No commitment, cancel anytime.",
            "alignment": "centre",
            "fontSize": 42,
            "colour": [0,0,0,255]

        },
        {
            "position": [50.0,34.0],
            "text": "Unlimited access for £4.99 per month to everything while subscribed. Payment will be charged to\niTunes Account at confirmation of purchase. Subscription automatically renews each month unless\nauto-renew is turned off at least 24-hours before the end of the current period. Your account will\nbe charged for renewal within 24-hours prior to the end of the current period at £4.99. You can\nmanage your subscription and turn auto-renewal on or off by going to your App Store Account\nSettings after purchase. Any unused portion of a free trial period, if offered, will be forfeited when\nyou purchase a subscription, where applicable.",
            "alignment": "centre",
            "fontSize": 30,
            "lineSpacing": 10,
            "colour": [65,65,65,255]
        }
    ]
 },
 "closeButton": false,
 "backgroundColour": [
   255,
   255,
   255
 ],
 "buttons": [
   {
     "buttonId": "upgrade",
     "action": {
        "type":"flowAction",
        "params": {
            "fileName":"iap_upgrade_video",
            "action": "next",
            "path": "iap"
        }
     },
     "position": [
       50.0,
       47.0
     ],
     "size": [
       70.0,
       9.0
     ],
     "text": "Start your free 7-day trial"
   },
   {
     "buttonId": "privacyLink",
     "action": {
        "type":"flowAction",
        "params": {
            "fileName":"iap_upgrade_video",
            "action": "next",
            "path": "coppa"
        }
     },
     "position": [
       50.0,
       7.5
     ],
     "size": [
       25.0,
       6.0
     ],
     "text": "Important privacy notice for parents",
     "underlined": true,
     "sprite": "misc/transparent.png"

   },
   {
     "buttonId": "restorePurcahse",
     "action": {
        "type":"flowAction",
        "params": {
            "fileName":"iap_upgrade_video",
            "action": "next",
            "path": "restore"
        }
     },
     "position": [
       75.0,
       15.0
     ],
     "size": [
       15.0,
       6.0
     ],
     "text": "Restore your purchase",
     "underlined": true,
     "sprite": "misc/transparent.png"

   },
   {
     "buttonId": "termsLink",
     "action": {
        "type":"web",
        "params": {
            "location":"termsOfUse"
        }
     },
     "position": [
       17.0,
       15.0
     ],
     "size": [
       12.0,
       6.0
     ],
     "text": "Terms of Use",
     "underlined": true,
     "sprite": "misc/transparent.png"

   },
   {
     "buttonId": "privacyLink",
     "action": {
        "type":"web",
        "params": {
            "location":"privacyPolicy"
        }
     },
     "position": [
       43.0,
       15.0
     ],
     "size": [
       12.0,
       6.0
     ],
     "text": "Privacy Policy",
     "underlined": true,
     "sprite": "misc/transparent.png"

   },
   {
     "buttonId": "close",
     "action": {
        "type":"flowAction",
        "params": {
            "fileName":"iap_upgrade_video",
            "action": "close"
        }
     },
     "position": [
       95.0,
       96.0
     ],
     "size": [
       7.0,
       5.4
     ],
     "sprite": "misc/close_default.png"

   }
 ],
 "backgroundImage": {
   "displayMode": "fit",
   "position": 82,
   "file": "upgrade/CTA_Videos.jpg"
 }
}
