{
 "nodeId": "chat_safe_messaging_designed_for_kids",
 "groupId": [
   "chat"
 ],
 "nodeSize": [
   70.0,
   67.0
 ],
 "nodeText": {
    "titleText": {
        "position": [50.0,96.0],
        "text": "Safe messaging - designed for kids",
        "alignment": "centre",
        "fontSize": 94,
        "colour": [63,170,170,255]
    },
    "bodyText": [
        {
            "position": [55.0,80.0],
            "text": "Parents approve all\nconnections\n\nNo photos. No group chat\n\nHints, tips & tricks to help\nchildren LEARN to chat safely\n\n100s of hilarious stickers\nto share",
            "alignment": "left",
            "fontSize": 58,
            "colour": [0,0,0,255]
        },
        {
          "position": [53.0,80.0],
            "text": "•\n\n\n•\n\n•\n\n\n•",
            "alignment": "left",
            "fontSize": 58,
            "colour": [0,0,0,255]
        }
    ]
 },
 "closeButton": true,
 "backgroundColour": [
   255,
   255,
   255
 ],
 "buttons": [
   {
     "buttonId": "upgrade",
     "action": {
        "type":"internal",
        "params": {
            "location":"showUpgrade"
        }
     },
     "position": [
       50.0,
       10.0
     ],
     "size": [
       25.0,
       12.0
     ],
     "text": "Upgrade"
   }
 ],
 "backgroundImage": {
   "displayMode": "fill",
   "file": "misc/transparent.png"
 },
 "images": [
    {
        "position": [28.0,50.0],
        "size": [40.0,-1.0],
        "opacity": 255,
        "file": "chat/chat_img1.png"
    }
 ]
}
