{
 "nodeId": "girlsVideo1",
 "groupId": [
   "upgrade",
   "closedContent"
 ],
 "nodeSize": [
   70,
   67
 ],
 "nodeText": {
    "titleText": {
        "position": [50,96],
        "text": "It's all here. It's all good.",
        "alignment": "centre",
        "fontSize": 94,
        "colour": [63,170,170,255]
    },
    "bodyText": [
        {
            "position": [50,34],
            "text": "Learning and fun through the shows and games they love.\nAzoomee is much more than just screen time",
            "alignment": "centre",
            "fontSize": 63,
            "colour": [0,0,0,255]
        
        }
    ]
 },
 "closeButton": true,
 "backgroundColour": [
   255,
   255,
   255
 ],
 "buttons": [
   {
     "buttonId": "upgrade1Month",
     "action": {
        "type":"internal",
        "params": {
             "location":"showUpgrade"
        }
     },
     "position": [
       50,
       12
     ],
     "size": [
       33,
       12
     ],
     "text": "£4.99 / month"
   }
 ],
 "backgroundImage": {
   "displayMode": "fit",
   "position": 85,
   "file": "upgrade/bubbles_girls_vid.jpg"
 }
}
