{
 "nodeId": "ItsAllHere_GirlsVideos_1000Games",
 "groupId": [
   "upgrade",
   "closedContent"
 ],
 "nodeSize": [
   70.0,
   67.0
 ],
 "nodeText": {
    "titleText": {
        "position": [50.0,95.0],
        "text": "It's all here. It's all good.",
        "alignment": "centre",
        "fontSize": 94,
        "colour": [63,170,170,255]
    },
    "bodyText": [
        {
            "position": [50.0,34.0],
            "text": "Bursting with more than 1000 fun and educational games,\nvideos and audiobooks to discover!",
            "alignment": "centre",
            "fontSize": 63,
            "colour": [0,0,0,255]
            
        }
    ],
     "footerText": {
         "position": [50.0,6.0],
         "text": "New stuff added every week!",
         "alignment": "centre",
         "fontSize": 42,
         "colour": [9,155,155,255]
     }
 },
 "closeButton": true,
 "backgroundColour": [
   255,
   255,
   255
 ],
 "buttons": [
   {
     "buttonId": "upgrade",
     "action": {
        "type":"internal",
        "params": {
            "location":"showUpgrade"
        }
     },
     "position": [
       50.0,
       14.5
     ],
     "size": [
       50.0,
       12.0
     ],
     "text": "Start your free trial today"
   }
 ],
 "backgroundImage": {
   "displayMode": "fit",
   "position": 85,
   "file": "upgrade/bubbles_girls_vid.jpg"
 }
}
