{
	"items":
[
	{
		"id": "yellow",
		"colours": {
			"base": [255,235,0,255],
			"gradient": [255,149,0,255],
			"shadow": [216,104,0,255],
			"shadowLight": [255,175,0,255],
			"shadowEyes": [233,207,97,255],
			"highlight": [255,234,0,255],
			"face": [255,245,128,255],
			"none": [0,0,0,255]
		}
	},
	{
		"id": "blue",
		"colours": {
			"base": [0,0,255,255],
			"gradient": [0,0,155,255],
			"shadow": [0,0,55,255],
			"shadowLight": [0,0,105,255],
			"shadowEyes": [0,0,105,255],
			"highlight": [200,200,255,255],
			"face": [100,100,255,255],
			"none": [0,0,0,255]
		}
	},
	{
		"id": "green",
		"colours": {
			"base": [0,255,0,255],
			"gradient": [0,155,0,255],
			"shadow": [0,55,0,255],
			"shadowLight": [0,155,0,255],
			"shadowEyes": [0,155,0,255],
			"highlight": [200,255,200,255],
			"face": [100,255,100,255],
			"none": [0,0,0,255]
		}
	},
	{
		"id": "red",
		"colours": {
			"base": [255,0,0,255],
			"gradient": [155,0,0,255],
			"shadow": [55,0,0,255],
			"shadowLight": [155,0,0,255],
			"shadowEyes": [155,0,0,255],
			"highlight": [255,200,200,255],
			"face": [255,100,100,255],
			"none": [0,0,0,255]
		}
	}
	
]
}