{
 "nodeId": "iap_upgrade_default",
 "groupId": [
   "upgrade"
 ],
 "nodeSize": [
   65.0,
   70.0
 ],
 "nodeText": {
    "titleText": {
        "position": [50.0,95.0],
        "text": "Unlock award-winning kids’ games & videos",
        "alignment": "centre",
        "fontSize": 76,
        "colour": [0,0,0,255]
    },
    "bodyText": [
        {
            "position": [50.0,29.0],
            "text": "Then <iapPrice>/month. No commitment, cancel anytime.",
            "alignment": "centre",
            "fontSize": 42,
            "colour": [0,0,0,255]

        },
        {
            "position": [4.0,24.0],
            "text": "Unlimited access for £4.99 per month to everything while subscribed. Payment will be charged to iTunes Account at\nconfirmation of purchase. Subscription automatically renews each month unless auto-renew is turned off at least 24-\nhours before the end of the current period. Your account will be charged for renewal within 24-hours prior to the end\nof the current period at £4.99. You can manage your subscription and turn auto-renewal on or off by going to your App\nStore Account Settings after purchase. Any unused portion of a free trial period, if offered, will be forfeited when you\npurchase a subscription, where applicable.",
            "alignment": "left",
            "fontSize": 30,
            "lineSpacing": 10,
            "colour": [65,65,65,255]
        }
    ]
 },
 "closeButton": false,
 "backgroundColour": [
   255,
   255,
   255
 ],
 "buttons": [
   {
     "buttonId": "upgrade",
     "action": {
        "type":"flowAction",
        "params": {
            "fileName":"iap_upgrade_default",
            "action": "next",
            "path": "iap"
        }
     },
     "position": [
       50.0,
       37.0
     ],
     "size": [
       60.0,
       12.0
     ],
     "text": "Start your free 7-day trial"
   },
   {
     "buttonId": "privacyLink",
     "action": {
        "type":"flowAction",
        "params": {
            "fileName":"iap_upgrade_default",
            "action": "next",
            "path": "coppa"
        }
     },
     "position": [
       53.0,
       5.0
     ],
     "size": [
       25.0,
       6.0
     ],
     "text": "Important privacy notice for parents",
     "underlined": true,
     "sprite": "misc/transparent.png"

   },
   {
     "buttonId": "restorePurcahse",
     "action": {
        "type":"flowAction",
        "params": {
            "fileName":"iap_upgrade_default",
            "action": "next",
            "path": "restore"
        }
     },
     "position": [
       83.0,
       5.0
     ],
     "size": [
       15.0,
       6.0
     ],
     "text": "Restore your purchase",
     "underlined": true,
     "sprite": "misc/transparent.png"

   },
   {
     "buttonId": "termsLink",
     "action": {
        "type":"web",
        "params": {
            "location":"termsOfUse"
        }
     },
     "position": [
       12.0,
       5.0
     ],
     "size": [
       12.0,
       6.0
     ],
     "text": "Terms of Use",
     "underlined": true,
     "sprite": "misc/transparent.png"

   },
   {
     "buttonId": "privacyLink",
     "action": {
        "type":"web",
        "params": {
            "location":"privacyPolicy"
        }
     },
     "position": [
       27.0,
       5.0
     ],
     "size": [
       12.0,
       6.0
     ],
     "text": "Privacy Policy",
     "underlined": true,
     "sprite": "misc/transparent.png"

   },
   {
     "buttonId": "close",
     "action": {
        "type":"flowAction",
        "params": {
            "fileName":"iap_upgrade_default",
            "action": "close"
        }
     },
     "position": [
       96.0,
       95.0
     ],
     "size": [
       5.4,
       6.8
     ],
     "sprite": "misc/close_default.png"

   }
 ],
 "backgroundImage": {
   "displayMode": "fit",
   "position": 89,
   "file": "upgrade/ConfettiContent.jpg"
 }
}
