{
 "nodeId": "iap_upgrade_default",
 "groupId": [
   "upgrade"
 ],
 "nodeSize": [
   70.0,
   67.0
 ],
 "nodeText": {
    "titleText": {
        "position": [50.0,95.0],
        "text": "Unlock award-winning kids’ games & videos",
        "alignment": "centre",
        "fontSize": 80,
        "colour": [0,0,0,255]
    },
    "bodyText": [
        {
            "position": [50.0,22.0],
            "text": "Then <iapPrice>/month. No commitment, cancel anytime.",
            "alignment": "centre",
            "fontSize": 42,
            "colour": [0,0,0,255]

        }
    ]
 },
 "closeButton": true,
 "backgroundColour": [
   255,
   255,
   255
 ],
 "buttons": [
   {
     "buttonId": "upgrade",
     "action": {
        "type":"flowAction",
        "params": {
            "fileName":"iap_upgrade_default",
            "action": "next",
            "path": "iap"
        }
     },
     "position": [
       50.0,
       30.0
     ],
     "size": [
       60.0,
       12.0
     ],
     "text": "Start your free 7-day trial"
   },
   {
     "buttonId": "privacyLink",
     "action": {
        "type":"flowAction",
        "params": {
            "fileName":"iap_upgrade_default",
            "action": "next",
            "path": "coppa"
        }
     },
     "position": [
       25.0,
       10.0
     ],
     "size": [
       25.0,
       6.0
     ],
     "text": "Important privacy notice for parents",
     "underlined": true,
     "sprite": "misc/transparent.png"

   },
   {
     "buttonId": "restorePurcahse",
     "action": {
        "type":"flowAction",
        "params": {
            "fileName":"iap_upgrade_default",
            "action": "next",
            "path": "restore"
        }
     },
     "position": [
       50.0,
       10.0
     ],
     "size": [
       15.0,
       6.0
     ],
     "text": "Restore your purchase",
     "underlined": true,
     "sprite": "misc/transparent.png"

   },
   {
     "buttonId": "learnMore",
     "action": {
        "type":"flowAction",
        "params": {
            "fileName":"iap_upgrade_default",
            "action": "next",
            "path": "learnMore"
        }
     },
     "position": [
       75.0,
       10.0
     ],
     "size": [
       25.0,
       6.0
     ],
     "text": "Learn more about your subscription",
     "underlined": true,
     "sprite": "misc/transparent.png"

   }
 ],
 "backgroundImage": {
   "displayMode": "fit",
   "position": 88,
   "file": "upgrade/ConfettiContent.jpg"
 }
}
